Stanovanjske razmere, statisti迫e regije, Slovenija, letno;;;
;;;
STATISTINA REGIJA;LETO;STANOVANJSKE RAZMERE;Stanovanjske razmere
Pomurska;2008;Te료ve s hrupom;18
Pomurska;2009;Te료ve s hrupom;12
Pomurska;2010;Te료ve s hrupom;15
Pomurska;2011;Te료ve s hrupom;16
Pomurska;2012;Te료ve s hrupom;12
Pomurska;2013;Te료ve s hrupom;10
Pomurska;2014;Te료ve s hrupom;13
Pomurska;2015;Te료ve s hrupom;12
Pomurska;2016;Te료ve s hrupom;12
Pomurska;2017;Te료ve s hrupom;14
Podravska;2008;Te료ve s hrupom;20
Podravska;2009;Te료ve s hrupom;18
Podravska;2010;Te료ve s hrupom;16
Podravska;2011;Te료ve s hrupom;17
Podravska;2012;Te료ve s hrupom;12
Podravska;2013;Te료ve s hrupom;12
Podravska;2014;Te료ve s hrupom;14
Podravska;2015;Te료ve s hrupom;14
Podravska;2016;Te료ve s hrupom;14
Podravska;2017;Te료ve s hrupom;14
Koro뚊a;2008;Te료ve s hrupom;17
Koro뚊a;2009;Te료ve s hrupom;17
Koro뚊a;2010;Te료ve s hrupom;17
Koro뚊a;2011;Te료ve s hrupom;13
Koro뚊a;2012;Te료ve s hrupom;9
Koro뚊a;2013;Te료ve s hrupom;10
Koro뚊a;2014;Te료ve s hrupom;9
Koro뚊a;2015;Te료ve s hrupom;9
Koro뚊a;2016;Te료ve s hrupom;11
Koro뚊a;2017;Te료ve s hrupom;13
Savinjska;2008;Te료ve s hrupom;19
Savinjska;2009;Te료ve s hrupom;17
Savinjska;2010;Te료ve s hrupom;19
Savinjska;2011;Te료ve s hrupom;18
Savinjska;2012;Te료ve s hrupom;14
Savinjska;2013;Te료ve s hrupom;14
Savinjska;2014;Te료ve s hrupom;14
Savinjska;2015;Te료ve s hrupom;14
Savinjska;2016;Te료ve s hrupom;14
Savinjska;2017;Te료ve s hrupom;11
Zasavska;2008;Te료ve s hrupom;22
Zasavska;2009;Te료ve s hrupom;23
Zasavska;2010;Te료ve s hrupom;26
Zasavska;2011;Te료ve s hrupom;26
Zasavska;2012;Te료ve s hrupom;18
Zasavska;2013;Te료ve s hrupom;10
Zasavska;2014;Te료ve s hrupom;17
Zasavska;2015;Te료ve s hrupom;15
Zasavska;2016;Te료ve s hrupom;20
Zasavska;2017;Te료ve s hrupom;18
Posavska;2008;Te료ve s hrupom;15
Posavska;2009;Te료ve s hrupom;13
Posavska;2010;Te료ve s hrupom;10
Posavska;2011;Te료ve s hrupom;12
Posavska;2012;Te료ve s hrupom;12
Posavska;2013;Te료ve s hrupom;5
Posavska;2014;Te료ve s hrupom;8
Posavska;2015;Te료ve s hrupom;12
Posavska;2016;Te료ve s hrupom;15
Posavska;2017;Te료ve s hrupom;16
Jugovzhodna Slovenija;2008;Te료ve s hrupom;17
Jugovzhodna Slovenija;2009;Te료ve s hrupom;20
Jugovzhodna Slovenija;2010;Te료ve s hrupom;17
Jugovzhodna Slovenija;2011;Te료ve s hrupom;14
Jugovzhodna Slovenija;2012;Te료ve s hrupom;14
Jugovzhodna Slovenija;2013;Te료ve s hrupom;15
Jugovzhodna Slovenija;2014;Te료ve s hrupom;12
Jugovzhodna Slovenija;2015;Te료ve s hrupom;13
Jugovzhodna Slovenija;2016;Te료ve s hrupom;13
Jugovzhodna Slovenija;2017;Te료ve s hrupom;9
Osrednjeslovenska;2008;Te료ve s hrupom;24
Osrednjeslovenska;2009;Te료ve s hrupom;21
Osrednjeslovenska;2010;Te료ve s hrupom;21
Osrednjeslovenska;2011;Te료ve s hrupom;21
Osrednjeslovenska;2012;Te료ve s hrupom;18
Osrednjeslovenska;2013;Te료ve s hrupom;16
Osrednjeslovenska;2014;Te료ve s hrupom;16
Osrednjeslovenska;2015;Te료ve s hrupom;15
Osrednjeslovenska;2016;Te료ve s hrupom;18
Osrednjeslovenska;2017;Te료ve s hrupom;17
Gorenjska;2008;Te료ve s hrupom;19
Gorenjska;2009;Te료ve s hrupom;17
Gorenjska;2010;Te료ve s hrupom;16
Gorenjska;2011;Te료ve s hrupom;19
Gorenjska;2012;Te료ve s hrupom;11
Gorenjska;2013;Te료ve s hrupom;14
Gorenjska;2014;Te료ve s hrupom;13
Gorenjska;2015;Te료ve s hrupom;16
Gorenjska;2016;Te료ve s hrupom;12
Gorenjska;2017;Te료ve s hrupom;14
Primorsko-notranjska;2008;Te료ve s hrupom;15
Primorsko-notranjska;2009;Te료ve s hrupom;16
Primorsko-notranjska;2010;Te료ve s hrupom;22
Primorsko-notranjska;2011;Te료ve s hrupom;25
Primorsko-notranjska;2012;Te료ve s hrupom;14
Primorsko-notranjska;2013;Te료ve s hrupom;14
Primorsko-notranjska;2014;Te료ve s hrupom;16
Primorsko-notranjska;2015;Te료ve s hrupom;11
Primorsko-notranjska;2016;Te료ve s hrupom;16
Primorsko-notranjska;2017;Te료ve s hrupom;18
Gori뚊a;2008;Te료ve s hrupom;14
Gori뚊a;2009;Te료ve s hrupom;16
Gori뚊a;2010;Te료ve s hrupom;15
Gori뚊a;2011;Te료ve s hrupom;13
Gori뚊a;2012;Te료ve s hrupom;14
Gori뚊a;2013;Te료ve s hrupom;10
Gori뚊a;2014;Te료ve s hrupom;11
Gori뚊a;2015;Te료ve s hrupom;11
Gori뚊a;2016;Te료ve s hrupom;11
Gori뚊a;2017;Te료ve s hrupom;10
Obalno-kra뚊a;2008;Te료ve s hrupom;20
Obalno-kra뚊a;2009;Te료ve s hrupom;17
Obalno-kra뚊a;2010;Te료ve s hrupom;17
Obalno-kra뚊a;2011;Te료ve s hrupom;17
Obalno-kra뚊a;2012;Te료ve s hrupom;17
Obalno-kra뚊a;2013;Te료ve s hrupom;13
Obalno-kra뚊a;2014;Te료ve s hrupom;18
Obalno-kra뚊a;2015;Te료ve s hrupom;13
Obalno-kra뚊a;2016;Te료ve s hrupom;11
Obalno-kra뚊a;2017;Te료ve s hrupom;13
