"Ocena dokonèanih stanovanj - izbrani kazalniki, po obèinah Slovenije,"
"letno po: OBÈINE, LETO , KAZALNIK"

" ";" ";"Število dokonèanih stanovanj na 1000 prebivalcev";"Povpreèna površina dokonèanih stanovanj [m2]"
"SLOVENIJA"
" ";"2002";3.6;114
" ";"2003";3.3;114
" ";"2004";3.5;109
" ";"2005";3.8;107
" ";"2006";3.8;114
" ";"2007";4.1;111
" ";"2008";4.9;110
" ";"2009";4.2;115
" ";"2010";3.1;129
" ";"2011";2.7;132
" ";"2012";2.1;138
" ";"2013";1.7;146
" ";"2014";1.5;145
" ";"2015";1.3;147
" ";"2016";1.4;151
" ";"2017";1.5;145
"Ajdovšèina"
" ";"2002";4.1;145
" ";"2003";5.6;110
" ";"2004";3.8;148
" ";"2005";2.1;147
" ";"2006";2.5;132
" ";"2007";4.0;111
" ";"2008";8.2;98
" ";"2009";7.1;110
" ";"2010";2.7;171
" ";"2011";2.2;207
" ";"2012";3.8;151
" ";"2013";1.7;154
" ";"2014";2.0;178
" ";"2015";2.4;157
" ";"2016";2.0;147
" ";"2017";2.0;159
"Ankaran/Ancarano"
" ";"2002";-;-
" ";"2003";-;-
" ";"2004";-;-
" ";"2005";-;-
" ";"2006";-;-
" ";"2007";-;-
" ";"2008";-;-
" ";"2009";-;-
" ";"2010";-;-
" ";"2011";-;-
" ";"2012";-;-
" ";"2013";-;-
" ";"2014";-;-
" ";"2015";0.0;0
" ";"2016";0.9;222
" ";"2017";0.3;102
"Apaèe"
" ";"2002";-;-
" ";"2003";-;-
" ";"2004";-;-
" ";"2005";-;-
" ";"2006";-;-
" ";"2007";0.0;0
" ";"2008";1.1;143
" ";"2009";1.4;124
" ";"2010";3.3;186
" ";"2011";2.8;193
" ";"2012";4.7;176
" ";"2013";3.3;150
" ";"2014";2.5;151
" ";"2015";2.2;140
" ";"2016";4.5;119
" ";"2017";2.5;134
"Beltinci"
" ";"2002";4.1;109
" ";"2003";3.0;105
" ";"2004";2.9;130
" ";"2005";3.8;94
" ";"2006";2.5;140
" ";"2007";2.8;134
" ";"2008";4.4;147
" ";"2009";1.6;141
" ";"2010";1.8;143
" ";"2011";2.4;144
" ";"2012";1.7;145
" ";"2013";1.2;152
" ";"2014";1.9;130
" ";"2015";2.4;107
" ";"2016";1.5;108
" ";"2017";1.6;132
"Benedikt"
" ";"2002";14.9;112
" ";"2003";21.7;103
" ";"2004";13.8;94
" ";"2005";8.7;124
" ";"2006";5.4;197
" ";"2007";6.2;171
" ";"2008";18.3;84
" ";"2009";25.9;73
" ";"2010";4.6;148
" ";"2011";7.4;112
" ";"2012";8.6;89
" ";"2013";3.2;149
" ";"2014";4.5;146
" ";"2015";0.8;152
" ";"2016";6.8;149
" ";"2017";6.0;188
"Bistrica ob Sotli"
" ";"2002";5.4;104
" ";"2003";6.1;142
" ";"2004";4.8;87
" ";"2005";2.8;121
" ";"2006";3.5;68
" ";"2007";2.8;120
" ";"2008";9.1;61
" ";"2009";5.0;133
" ";"2010";1.4;117
" ";"2011";3.5;139
" ";"2012";2.8;111
" ";"2013";2.8;66
" ";"2014";3.6;149
" ";"2015";3.6;148
" ";"2016";2.2;167
" ";"2017";0.7;123
"Bled"
" ";"2002";3.4;99
" ";"2003";2.2;135
" ";"2004";3.1;137
" ";"2005";4.6;116
" ";"2006";2.2;185
" ";"2007";5.9;147
" ";"2008";5.5;196
" ";"2009";2.3;179
" ";"2010";3.0;148
" ";"2011";0.6;140
" ";"2012";1.1;171
" ";"2013";1.5;139
" ";"2014";1.2;182
" ";"2015";2.1;188
" ";"2016";2.1;213
" ";"2017";12.0;89
"Bloke"
" ";"2002";0.6;130
" ";"2003";1.2;117
" ";"2004";3.1;162
" ";"2005";0.6;114
" ";"2006";6.0;137
" ";"2007";3.6;163
" ";"2008";1.9;145
" ";"2009";7.7;157
" ";"2010";4.5;169
" ";"2011";3.8;144
" ";"2012";5.0;158
" ";"2013";3.8;156
" ";"2014";0.6;71
" ";"2015";1.3;178
" ";"2016";1.9;180
" ";"2017";1.3;89
"Bohinj"
" ";"2002";5.1;98
" ";"2003";3.6;99
" ";"2004";3.8;87
" ";"2005";2.6;123
" ";"2006";11.7;58
" ";"2007";12.7;96
" ";"2008";1.0;110
" ";"2009";1.3;256
" ";"2010";5.3;118
" ";"2011";5.7;82
" ";"2012";1.3;97
" ";"2013";1.9;102
" ";"2014";2.7;94
" ";"2015";0.8;114
" ";"2016";2.7;100
" ";"2017";4.7;109
"Borovnica"
" ";"2002";2.4;105
" ";"2003";3.4;102
" ";"2004";2.6;86
" ";"2005";3.7;110
" ";"2006";3.1;96
" ";"2007";0.5;134
" ";"2008";8.7;74
" ";"2009";1.8;152
" ";"2010";51.7;80
" ";"2011";1.8;201
" ";"2012";2.5;185
" ";"2013";0.5;243
" ";"2014";2.6;204
" ";"2015";1.9;191
" ";"2016";2.1;146
" ";"2017";1.8;140
"Bovec"
" ";"2002";18.8;100
" ";"2003";11.4;111
" ";"2004";13.0;109
" ";"2005";1.2;141
" ";"2006";3.3;127
" ";"2007";9.0;76
" ";"2008";7.8;112
" ";"2009";2.2;113
" ";"2010";8.9;80
" ";"2011";1.2;133
" ";"2012";2.2;123
" ";"2013";2.5;136
" ";"2014";1.6;155
" ";"2015";1.0;120
" ";"2016";5.5;93
" ";"2017";0.7;70
"Braslovèe"
" ";"2002";4.9;163
" ";"2003";3.1;158
" ";"2004";3.3;176
" ";"2005";1.7;148
" ";"2006";1.5;154
" ";"2007";1.5;189
" ";"2008";2.9;164
" ";"2009";4.6;182
" ";"2010";4.7;211
" ";"2011";1.7;168
" ";"2012";1.8;179
" ";"2013";3.3;162
" ";"2014";3.5;202
" ";"2015";2.9;160
" ";"2016";2.4;159
" ";"2017";2.2;151
"Brda"
" ";"2002";5.0;172
" ";"2003";5.2;133
" ";"2004";4.3;166
" ";"2005";4.3;129
" ";"2006";4.2;178
" ";"2007";3.1;171
" ";"2008";3.9;141
" ";"2009";3.3;112
" ";"2010";3.6;154
" ";"2011";3.1;161
" ";"2012";1.6;180
" ";"2013";2.3;149
" ";"2014";1.2;113
" ";"2015";3.2;138
" ";"2016";1.8;160
" ";"2017";1.6;233
"Brezovica"
" ";"2002";3.9;127
" ";"2003";3.2;114
" ";"2004";4.6;135
" ";"2005";5.6;142
" ";"2006";6.6;156
" ";"2007";4.3;154
" ";"2008";11.2;116
" ";"2009";4.9;147
" ";"2010";4.1;146
" ";"2011";2.8;167
" ";"2012";1.4;197
" ";"2013";1.3;190
" ";"2014";0.9;170
" ";"2015";2.1;146
" ";"2016";1.7;170
" ";"2017";1.3;168
"Brežice"
" ";"2002";2.9;97
" ";"2003";2.2;142
" ";"2004";1.6;128
" ";"2005";2.5;128
" ";"2006";4.5;127
" ";"2007";1.9;123
" ";"2008";5.2;109
" ";"2009";2.3;144
" ";"2010";3.6;142
" ";"2011";2.3;147
" ";"2012";1.6;157
" ";"2013";1.9;143
" ";"2014";1.0;159
" ";"2015";1.1;150
" ";"2016";1.2;162
" ";"2017";2.2;125
"Cankova"
" ";"2002";0.5;70
" ";"2003";1.0;133
" ";"2004";0.5;121
" ";"2005";2.0;82
" ";"2006";1.5;109
" ";"2007";3.0;122
" ";"2008";1.5;88
" ";"2009";1.6;137
" ";"2010";2.6;84
" ";"2011";0.5;122
" ";"2012";2.1;238
" ";"2013";1.1;152
" ";"2014";0.5;17
" ";"2015";0.5;56
" ";"2016";2.8;119
" ";"2017";2.8;88
"Celje"
" ";"2002";0.8;112
" ";"2003";0.5;164
" ";"2004";0.3;130
" ";"2005";0.7;149
" ";"2006";1.2;122
" ";"2007";1.8;132
" ";"2008";0.7;208
" ";"2009";2.6;95
" ";"2010";1.2;183
" ";"2011";0.9;198
" ";"2012";0.4;185
" ";"2013";0.5;180
" ";"2014";0.4;172
" ";"2015";0.4;148
" ";"2016";0.5;167
" ";"2017";0.6;110
"Cerklje na Gorenjskem"
" ";"2002";5.2;127
" ";"2003";4.0;117
" ";"2004";4.6;155
" ";"2005";3.5;188
" ";"2006";4.8;174
" ";"2007";12.8;95
" ";"2008";6.0;158
" ";"2009";7.9;121
" ";"2010";4.8;162
" ";"2011";4.1;201
" ";"2012";2.5;199
" ";"2013";1.2;187
" ";"2014";5.0;98
" ";"2015";1.4;184
" ";"2016";2.5;97
" ";"2017";1.1;103
"Cerknica"
" ";"2002";2.4;105
" ";"2003";1.5;143
" ";"2004";1.9;143
" ";"2005";4.5;128
" ";"2006";2.0;212
" ";"2007";3.3;189
" ";"2008";4.7;126
" ";"2009";2.9;183
" ";"2010";2.9;200
" ";"2011";2.7;179
" ";"2012";2.6;199
" ";"2013";1.7;190
" ";"2014";2.1;179
" ";"2015";1.3;203
" ";"2016";1.3;198
" ";"2017";2.2;182
"Cerkno"
" ";"2002";2.9;137
" ";"2003";1.4;128
" ";"2004";2.6;117
" ";"2005";0.6;103
" ";"2006";2.8;137
" ";"2007";1.4;182
" ";"2008";1.2;145
" ";"2009";1.5;186
" ";"2010";1.7;155
" ";"2011";2.3;151
" ";"2012";1.3;161
" ";"2013";0.4;232
" ";"2014";2.8;157
" ";"2015";1.3;164
" ";"2016";2.4;180
" ";"2017";3.0;208
"Cerkvenjak"
" ";"2002";4.7;145
" ";"2003";3.7;136
" ";"2004";7.1;165
" ";"2005";5.2;188
" ";"2006";5.2;197
" ";"2007";3.3;173
" ";"2008";5.8;206
" ";"2009";4.4;118
" ";"2010";4.4;147
" ";"2011";11.5;129
" ";"2012";2.5;149
" ";"2013";4.0;149
" ";"2014";2.0;170
" ";"2015";1.9;181
" ";"2016";4.9;134
" ";"2017";2.9;253
"Cirkulane"
" ";"2002";-;-
" ";"2003";-;-
" ";"2004";-;-
" ";"2005";-;-
" ";"2006";-;-
" ";"2007";0.0;0
" ";"2008";0.0;0
" ";"2009";0.0;0
" ";"2010";1.7;107
" ";"2011";2.2;164
" ";"2012";0.4;166
" ";"2013";0.0;0
" ";"2014";0.4;64
" ";"2015";1.3;107
" ";"2016";2.2;90
" ";"2017";1.3;65
"Èrenšovci"
" ";"2002";3.7;171
" ";"2003";1.8;135
" ";"2004";3.2;223
" ";"2005";1.4;188
" ";"2006";1.8;164
" ";"2007";4.4;153
" ";"2008";4.3;133
" ";"2009";5.5;135
" ";"2010";2.9;183
" ";"2011";2.9;166
" ";"2012";2.7;139
" ";"2013";4.7;196
" ";"2014";2.2;156
" ";"2015";1.3;119
" ";"2016";4.5;118
" ";"2017";0.8;75
"Èrna na Koroškem"
" ";"2002";4.3;60
" ";"2003";1.9;77
" ";"2004";1.6;81
" ";"2005";1.1;65
" ";"2006";3.4;54
" ";"2007";0.0;0
" ";"2008";0.5;184
" ";"2009";0.8;187
" ";"2010";0.6;120
" ";"2011";2.0;110
" ";"2012";0.3;195
" ";"2013";1.2;143
" ";"2014";0.9;154
" ";"2015";0.6;120
" ";"2016";1.8;177
" ";"2017";1.5;119
"Èrnomelj"
" ";"2002";1.9;70
" ";"2003";1.5;58
" ";"2004";4.1;79
" ";"2005";0.7;87
" ";"2006";3.5;74
" ";"2007";1.2;117
" ";"2008";2.2;97
" ";"2009";2.0;122
" ";"2010";1.8;133
" ";"2011";1.7;148
" ";"2012";5.0;70
" ";"2013";1.8;145
" ";"2014";0.8;102
" ";"2015";1.6;92
" ";"2016";1.0;149
" ";"2017";0.8;179
"Destrnik"
" ";"2002";2.7;141
" ";"2003";5.0;102
" ";"2004";3.8;148
" ";"2005";3.0;139
" ";"2006";3.4;128
" ";"2007";1.5;166
" ";"2008";3.7;136
" ";"2009";1.1;80
" ";"2010";0.8;277
" ";"2011";3.0;157
" ";"2012";1.9;170
" ";"2013";1.5;174
" ";"2014";0.8;202
" ";"2015";1.2;88
" ";"2016";2.7;109
" ";"2017";1.6;205
"Divaèa"
" ";"2002";3.3;138
" ";"2003";5.4;117
" ";"2004";2.8;115
" ";"2005";1.3;83
" ";"2006";4.1;135
" ";"2007";16.8;115
" ";"2008";6.8;129
" ";"2009";3.1;155
" ";"2010";3.1;213
" ";"2011";2.1;136
" ";"2012";1.5;202
" ";"2013";2.5;200
" ";"2014";2.3;174
" ";"2015";1.8;212
" ";"2016";2.0;198
" ";"2017";0.5;160
"Dobje"
" ";"2002";2.0;95
" ";"2003";6.0;149
" ";"2004";5.9;108
" ";"2005";4.0;104
" ";"2006";4.9;83
" ";"2007";5.0;175
" ";"2008";1.0;258
" ";"2009";0.0;0
" ";"2010";4.1;180
" ";"2011";3.1;177
" ";"2012";3.1;96
" ";"2013";6.2;157
" ";"2014";1.0;181
" ";"2015";2.0;113
" ";"2016";1.0;154
" ";"2017";3.1;208
"Dobrepolje"
" ";"2002";5.3;122
" ";"2003";3.6;137
" ";"2004";2.7;185
" ";"2005";2.4;164
" ";"2006";8.1;96
" ";"2007";3.5;204
" ";"2008";6.4;155
" ";"2009";13.6;89
" ";"2010";4.6;145
" ";"2011";3.8;193
" ";"2012";2.5;154
" ";"2013";1.5;156
" ";"2014";1.8;167
" ";"2015";1.3;207
" ";"2016";2.8;193
" ";"2017";1.0;199
"Dobrna"
" ";"2002";1.4;109
" ";"2003";5.7;148
" ";"2004";1.9;96
" ";"2005";2.9;137
" ";"2006";2.4;127
" ";"2007";3.3;157
" ";"2008";1.9;155
" ";"2009";2.8;155
" ";"2010";2.3;177
" ";"2011";4.1;178
" ";"2012";1.4;240
" ";"2013";1.8;201
" ";"2014";1.4;165
" ";"2015";0.9;113
" ";"2016";1.8;145
" ";"2017";2.3;169
"Dobrova - Polhov Gradec"
" ";"2002";3.5;114
" ";"2003";1.0;178
" ";"2004";1.5;157
" ";"2005";1.0;166
" ";"2006";2.6;199
" ";"2007";2.7;166
" ";"2008";2.9;158
" ";"2009";1.5;174
" ";"2010";1.1;188
" ";"2011";0.9;247
" ";"2012";1.2;195
" ";"2013";1.5;184
" ";"2014";2.7;167
" ";"2015";0.9;171
" ";"2016";2.0;191
" ";"2017";1.3;163
"Dobrovnik/Dobronak"
" ";"2002";2.9;191
" ";"2003";2.9;202
" ";"2004";3.6;187
" ";"2005";0.7;211
" ";"2006";2.2;174
" ";"2007";0.7;227
" ";"2008";0.0;0
" ";"2009";3.0;149
" ";"2010";3.0;144
" ";"2011";0.7;70
" ";"2012";0.0;0
" ";"2013";0.8;175
" ";"2014";3.1;91
" ";"2015";2.4;88
" ";"2016";1.6;104
" ";"2017";3.9;92
"Dol pri Ljubljani"
" ";"2002";4.1;116
" ";"2003";2.9;128
" ";"2004";13.0;84
" ";"2005";3.8;132
" ";"2006";6.2;136
" ";"2007";10.6;81
" ";"2008";7.5;91
" ";"2009";32.9;90
" ";"2010";3.0;155
" ";"2011";2.5;195
" ";"2012";3.0;179
" ";"2013";1.9;168
" ";"2014";0.7;237
" ";"2015";0.8;137
" ";"2016";0.5;183
" ";"2017";6.4;105
"Dolenjske Toplice"
" ";"2002";2.4;125
" ";"2003";0.9;108
" ";"2004";0.3;283
" ";"2005";0.6;119
" ";"2006";0.3;90
" ";"2007";3.8;192
" ";"2008";1.5;163
" ";"2009";1.8;152
" ";"2010";1.5;120
" ";"2011";1.5;145
" ";"2012";1.8;151
" ";"2013";1.8;157
" ";"2014";0.3;98
" ";"2015";1.5;144
" ";"2016";1.5;249
" ";"2017";1.7;170
"Domžale"
" ";"2002";5.7;100
" ";"2003";1.1;116
" ";"2004";6.7;97
" ";"2005";1.7;145
" ";"2006";4.2;107
" ";"2007";4.2;92
" ";"2008";3.8;127
" ";"2009";2.3;111
" ";"2010";4.1;98
" ";"2011";1.0;152
" ";"2012";0.7;164
" ";"2013";1.0;156
" ";"2014";1.0;163
" ";"2015";0.9;151
" ";"2016";0.9;175
" ";"2017";0.9;161
"Dornava"
" ";"2002";2.2;103
" ";"2003";3.0;171
" ";"2004";3.4;122
" ";"2005";0.7;113
" ";"2006";3.0;103
" ";"2007";1.5;84
" ";"2008";2.4;107
" ";"2009";7.1;68
" ";"2010";2.0;103
" ";"2011";1.7;156
" ";"2012";2.7;154
" ";"2013";0.7;66
" ";"2014";1.7;142
" ";"2015";1.7;124
" ";"2016";2.8;173
" ";"2017";3.8;108
"Dravograd"
" ";"2002";5.4;96
" ";"2003";5.3;112
" ";"2004";5.9;93
" ";"2005";1.6;106
" ";"2006";5.3;90
" ";"2007";2.6;80
" ";"2008";2.3;119
" ";"2009";3.3;88
" ";"2010";2.4;124
" ";"2011";1.3;137
" ";"2012";1.8;96
" ";"2013";2.2;125
" ";"2014";1.7;142
" ";"2015";1.7;103
" ";"2016";0.9;182
" ";"2017";0.8;134
"Duplek"
" ";"2002";3.3;160
" ";"2003";2.6;126
" ";"2004";5.1;115
" ";"2005";4.4;131
" ";"2006";5.9;128
" ";"2007";19.6;78
" ";"2008";16.8;83
" ";"2009";11.2;158
" ";"2010";3.8;164
" ";"2011";3.7;179
" ";"2012";5.2;170
" ";"2013";2.5;117
" ";"2014";1.2;177
" ";"2015";2.1;175
" ";"2016";1.8;141
" ";"2017";1.2;131
"Gorenja vas - Poljane"
" ";"2002";4.0;154
" ";"2003";5.0;135
" ";"2004";5.4;143
" ";"2005";4.0;135
" ";"2006";4.2;176
" ";"2007";2.5;140
" ";"2008";3.1;176
" ";"2009";2.6;222
" ";"2010";5.6;120
" ";"2011";4.0;267
" ";"2012";2.9;200
" ";"2013";1.8;253
" ";"2014";3.9;240
" ";"2015";1.6;207
" ";"2016";2.4;175
" ";"2017";0.5;190
"Gorišnica"
" ";"2002";4.7;82
" ";"2003";2.6;75
" ";"2004";4.2;108
" ";"2005";3.1;88
" ";"2006";5.0;85
" ";"2007";3.1;100
" ";"2008";2.6;118
" ";"2009";3.3;179
" ";"2010";1.0;176
" ";"2011";2.0;121
" ";"2012";0.2;146
" ";"2013";0.7;288
" ";"2014";1.8;131
" ";"2015";0.3;201
" ";"2016";3.0;140
" ";"2017";3.8;148
"Gorje"
" ";"2002";-;-
" ";"2003";-;-
" ";"2004";-;-
" ";"2005";-;-
" ";"2006";-;-
" ";"2007";0.3;153
" ";"2008";0.3;216
" ";"2009";0.0;0
" ";"2010";4.4;138
" ";"2011";2.7;174
" ";"2012";0.7;122
" ";"2013";2.4;203
" ";"2014";1.1;134
" ";"2015";2.1;196
" ";"2016";0.0;0
" ";"2017";0.7;179
"Gornja Radgona"
" ";"2002";5.1;128
" ";"2003";2.6;208
" ";"2004";3.1;165
" ";"2005";2.6;160
" ";"2006";3.2;168
" ";"2007";2.8;188
" ";"2008";3.1;188
" ";"2009";4.1;174
" ";"2010";3.3;160
" ";"2011";3.0;189
" ";"2012";4.2;194
" ";"2013";2.6;166
" ";"2014";1.5;190
" ";"2015";1.4;191
" ";"2016";1.8;199
" ";"2017";1.5;187
"Gornji Grad"
" ";"2002";1.9;172
" ";"2003";0.8;135
" ";"2004";1.1;102
" ";"2005";0.4;210
" ";"2006";1.2;212
" ";"2007";2.3;144
" ";"2008";0.4;208
" ";"2009";2.6;113
" ";"2010";2.2;166
" ";"2011";1.9;199
" ";"2012";1.1;200
" ";"2013";1.5;201
" ";"2014";0.0;0
" ";"2015";0.4;159
" ";"2016";1.2;221
" ";"2017";0.4;232
"Gornji Petrovci"
" ";"2002";9.9;77
" ";"2003";1.3;105
" ";"2004";1.7;108
" ";"2005";1.3;110
" ";"2006";2.2;121
" ";"2007";2.2;84
" ";"2008";3.1;161
" ";"2009";2.3;145
" ";"2010";4.6;97
" ";"2011";5.1;143
" ";"2012";1.9;77
" ";"2013";1.9;98
" ";"2014";1.0;108
" ";"2015";1.9;125
" ";"2016";0.5;68
" ";"2017";1.5;178
"Grad"
" ";"2002";2.5;71
" ";"2003";0.8;66
" ";"2004";0.8;205
" ";"2005";1.3;130
" ";"2006";2.1;79
" ";"2007";2.6;89
" ";"2008";2.2;138
" ";"2009";1.8;90
" ";"2010";1.3;112
" ";"2011";2.7;141
" ";"2012";0.5;203
" ";"2013";1.8;123
" ";"2014";3.2;125
" ";"2015";1.8;131
" ";"2016";4.2;206
" ";"2017";1.4;103
"Grosuplje"
" ";"2002";4.7;159
" ";"2003";3.6;167
" ";"2004";4.7;149
" ";"2005";6.5;150
" ";"2006";25.3;109
" ";"2007";4.0;134
" ";"2008";3.6;194
" ";"2009";4.2;162
" ";"2010";3.6;191
" ";"2011";2.7;208
" ";"2012";2.0;209
" ";"2013";1.6;220
" ";"2014";1.4;204
" ";"2015";1.5;165
" ";"2016";2.0;206
" ";"2017";1.9;163
"Hajdina"
" ";"2002";3.5;80
" ";"2003";2.4;130
" ";"2004";3.3;138
" ";"2005";6.2;107
" ";"2006";4.0;96
" ";"2007";1.1;170
" ";"2008";1.1;139
" ";"2009";3.2;169
" ";"2010";0.8;147
" ";"2011";4.8;98
" ";"2012";1.3;133
" ";"2013";1.3;119
" ";"2014";1.1;93
" ";"2015";1.3;146
" ";"2016";2.2;121
" ";"2017";2.9;128
"Hoèe - Slivnica"
" ";"2002";3.3;139
" ";"2003";3.8;134
" ";"2004";5.4;121
" ";"2005";11.1;108
" ";"2006";5.6;108
" ";"2007";10.1;129
" ";"2008";12.8;123
" ";"2009";4.0;158
" ";"2010";3.1;141
" ";"2011";6.9;189
" ";"2012";4.9;105
" ";"2013";2.7;141
" ";"2014";2.5;162
" ";"2015";3.0;118
" ";"2016";1.6;158
" ";"2017";3.6;110
"Hodoš/Hodos"
" ";"2002";5.6;58
" ";"2003";5.7;64
" ";"2004";5.9;83
" ";"2005";2.9;105
" ";"2006";0.0;0
" ";"2007";0.0;0
" ";"2008";6.2;84
" ";"2009";0.0;0
" ";"2010";0.0;0
" ";"2011";0.0;0
" ";"2012";0.0;0
" ";"2013";2.8;185
" ";"2014";2.7;50
" ";"2015";0.0;0
" ";"2016";0.0;0
" ";"2017";0.0;0
"Horjul"
" ";"2002";1.5;104
" ";"2003";0.4;226
" ";"2004";1.1;95
" ";"2005";1.5;129
" ";"2006";1.9;190
" ";"2007";0.7;251
" ";"2008";0.7;249
" ";"2009";1.4;199
" ";"2010";0.3;240
" ";"2011";1.0;231
" ";"2012";1.0;230
" ";"2013";1.0;135
" ";"2014";0.0;0
" ";"2015";1.0;209
" ";"2016";0.0;0
" ";"2017";2.7;206
"Hrastnik"
" ";"2002";1.0;75
" ";"2003";4.6;69
" ";"2004";1.4;74
" ";"2005";0.6;97
" ";"2006";2.0;78
" ";"2007";1.3;124
" ";"2008";0.6;110
" ";"2009";1.4;155
" ";"2010";0.6;140
" ";"2011";0.6;231
" ";"2012";0.3;135
" ";"2013";2.2;91
" ";"2014";1.3;240
" ";"2015";0.9;182
" ";"2016";0.2;174
" ";"2017";0.5;119
"Hrpelje - Kozina"
" ";"2002";3.1;148
" ";"2003";3.8;123
" ";"2004";2.4;85
" ";"2005";4.2;111
" ";"2006";3.9;140
" ";"2007";11.6;93
" ";"2008";50.4;77
" ";"2009";6.5;149
" ";"2010";10.0;101
" ";"2011";3.3;149
" ";"2012";3.0;146
" ";"2013";2.8;169
" ";"2014";0.7;189
" ";"2015";1.1;131
" ";"2016";3.0;152
" ";"2017";4.1;108
"Idrija"
" ";"2002";1.7;125
" ";"2003";1.3;159
" ";"2004";2.5;125
" ";"2005";2.8;114
" ";"2006";1.7;143
" ";"2007";2.6;148
" ";"2008";1.1;122
" ";"2009";1.5;177
" ";"2010";2.3;151
" ";"2011";1.7;172
" ";"2012";0.8;208
" ";"2013";1.0;175
" ";"2014";1.2;199
" ";"2015";1.6;188
" ";"2016";0.8;149
" ";"2017";1.5;187
"Ig"
" ";"2002";5.3;103
" ";"2003";2.3;131
" ";"2004";3.9;124
" ";"2005";3.6;96
" ";"2006";7.7;123
" ";"2007";2.5;88
" ";"2008";3.2;160
" ";"2009";4.7;123
" ";"2010";5.4;165
" ";"2011";1.5;211
" ";"2012";2.4;184
" ";"2013";1.3;152
" ";"2014";1.4;131
" ";"2015";2.1;186
" ";"2016";1.8;178
" ";"2017";2.0;133
"Ilirska Bistrica"
" ";"2002";1.5;139
" ";"2003";1.5;136
" ";"2004";1.5;126
" ";"2005";1.8;118
" ";"2006";1.8;123
" ";"2007";1.8;139
" ";"2008";1.3;144
" ";"2009";3.9;100
" ";"2010";1.6;152
" ";"2011";1.0;148
" ";"2012";1.4;150
" ";"2013";1.4;140
" ";"2014";1.0;130
" ";"2015";2.0;126
" ";"2016";0.8;145
" ";"2017";0.7;149
"Ivanèna Gorica"
" ";"2002";5.3;150
" ";"2003";4.3;176
" ";"2004";3.1;180
" ";"2005";5.4;159
" ";"2006";4.7;157
" ";"2007";8.3;98
" ";"2008";8.2;97
" ";"2009";4.3;190
" ";"2010";7.2;155
" ";"2011";4.5;179
" ";"2012";2.8;195
" ";"2013";3.0;208
" ";"2014";2.2;173
" ";"2015";2.4;152
" ";"2016";2.6;159
" ";"2017";3.3;190
"Izola/Isola"
" ";"2002";3.7;79
" ";"2003";2.6;75
" ";"2004";5.7;77
" ";"2005";17.6;73
" ";"2006";8.5;106
" ";"2007";8.8;98
" ";"2008";4.9;99
" ";"2009";7.2;77
" ";"2010";2.5;91
" ";"2011";2.5;93
" ";"2012";14.2;60
" ";"2013";0.9;87
" ";"2014";1.0;107
" ";"2015";2.5;86
" ";"2016";6.0;78
" ";"2017";0.9;106
"Jesenice"
" ";"2002";2.3;67
" ";"2003";1.3;117
" ";"2004";2.9;67
" ";"2005";0.9;102
" ";"2006";1.4;120
" ";"2007";1.8;89
" ";"2008";9.1;72
" ";"2009";2.5;88
" ";"2010";3.0;69
" ";"2011";0.7;133
" ";"2012";0.5;135
" ";"2013";0.7;130
" ";"2014";0.5;126
" ";"2015";0.4;146
" ";"2016";0.4;159
" ";"2017";0.7;116
"Jezersko"
" ";"2002";1.5;142
" ";"2003";2.9;156
" ";"2004";1.5;93
" ";"2005";1.5;148
" ";"2006";2.9;218
" ";"2007";8.6;140
" ";"2008";0.0;0
" ";"2009";0.0;0
" ";"2010";1.5;124
" ";"2011";0.0;0
" ";"2012";3.1;175
" ";"2013";4.7;99
" ";"2014";0.0;0
" ";"2015";1.6;64
" ";"2016";0.0;0
" ";"2017";1.6;127
"Juršinci"
" ";"2002";4.7;118
" ";"2003";1.3;108
" ";"2004";5.2;98
" ";"2005";2.2;157
" ";"2006";4.3;97
" ";"2007";3.4;273
" ";"2008";3.4;146
" ";"2009";1.7;82
" ";"2010";2.6;143
" ";"2011";2.1;230
" ";"2012";0.8;167
" ";"2013";0.8;104
" ";"2014";2.1;105
" ";"2015";0.8;139
" ";"2016";4.7;126
" ";"2017";1.7;123
"Kamnik"
" ";"2002";5.2;95
" ";"2003";2.2;110
" ";"2004";1.7;109
" ";"2005";5.2;82
" ";"2006";14.3;82
" ";"2007";2.9;120
" ";"2008";1.6;128
" ";"2009";1.9;103
" ";"2010";3.3;87
" ";"2011";6.6;61
" ";"2012";1.7;159
" ";"2013";1.5;130
" ";"2014";1.1;126
" ";"2015";1.0;139
" ";"2016";1.1;136
" ";"2017";1.0;131
"Kanal"
" ";"2002";1.6;172
" ";"2003";1.0;157
" ";"2004";2.4;190
" ";"2005";1.8;188
" ";"2006";3.3;141
" ";"2007";2.3;122
" ";"2008";2.4;88
" ";"2009";1.5;128
" ";"2010";1.7;174
" ";"2011";0.2;116
" ";"2012";1.2;155
" ";"2013";1.6;184
" ";"2014";0.7;179
" ";"2015";0.4;114
" ";"2016";0.7;149
" ";"2017";1.5;149
"Kidrièevo"
" ";"2002";1.9;93
" ";"2003";4.3;72
" ";"2004";5.2;75
" ";"2005";1.9;110
" ";"2006";3.3;168
" ";"2007";1.9;108
" ";"2008";2.1;126
" ";"2009";1.8;131
" ";"2010";1.0;177
" ";"2011";1.7;203
" ";"2012";1.4;162
" ";"2013";0.3;184
" ";"2014";0.3;189
" ";"2015";0.6;133
" ";"2016";2.0;166
" ";"2017";0.3;215
"Kobarid"
" ";"2002";8.1;111
" ";"2003";4.8;137
" ";"2004";4.4;110
" ";"2005";2.0;154
" ";"2006";2.0;157
" ";"2007";0.5;189
" ";"2008";7.1;67
" ";"2009";2.6;137
" ";"2010";2.6;154
" ";"2011";3.1;138
" ";"2012";3.1;140
" ";"2013";7.1;121
" ";"2014";1.9;167
" ";"2015";2.9;158
" ";"2016";2.2;173
" ";"2017";1.0;182
"Kobilje"
" ";"2002";11.0;142
" ";"2003";4.7;188
" ";"2004";6.3;182
" ";"2005";1.6;341
" ";"2006";14.1;138
" ";"2007";1.6;167
" ";"2008";1.6;188
" ";"2009";3.3;177
" ";"2010";0.0;0
" ";"2011";0.0;0
" ";"2012";1.7;99
" ";"2013";5.1;126
" ";"2014";1.7;159
" ";"2015";0.0;0
" ";"2016";7.0;124
" ";"2017";1.8;131
"Koèevje"
" ";"2002";1.1;104
" ";"2003";0.5;117
" ";"2004";2.3;65
" ";"2005";1.7;95
" ";"2006";2.5;94
" ";"2007";3.0;91
" ";"2008";7.8;80
" ";"2009";1.5;148
" ";"2010";1.7;129
" ";"2011";1.3;144
" ";"2012";1.3;111
" ";"2013";0.6;113
" ";"2014";1.1;133
" ";"2015";1.3;130
" ";"2016";0.8;161
" ";"2017";5.1;84
"Komen"
" ";"2002";6.1;136
" ";"2003";2.8;136
" ";"2004";2.2;136
" ";"2005";4.5;116
" ";"2006";3.4;127
" ";"2007";2.5;111
" ";"2008";5.8;136
" ";"2009";3.1;139
" ";"2010";1.7;173
" ";"2011";2.5;164
" ";"2012";2.5;180
" ";"2013";1.7;126
" ";"2014";0.9;102
" ";"2015";0.6;221
" ";"2016";1.7;216
" ";"2017";1.1;114
"Komenda"
" ";"2002";5.4;124
" ";"2003";3.5;142
" ";"2004";3.7;138
" ";"2005";3.6;114
" ";"2006";5.7;150
" ";"2007";37.7;71
" ";"2008";11.1;128
" ";"2009";28.6;115
" ";"2010";32.7;90
" ";"2011";18.2;84
" ";"2012";1.7;118
" ";"2013";4.5;125
" ";"2014";2.9;151
" ";"2015";1.2;160
" ";"2016";3.3;148
" ";"2017";1.6;171
"Koper/Capodistria"
" ";"2002";2.5;93
" ";"2003";2.8;89
" ";"2004";7.7;77
" ";"2005";7.1;70
" ";"2006";8.8;79
" ";"2007";8.8;81
" ";"2008";5.2;109
" ";"2009";8.8;103
" ";"2010";2.9;138
" ";"2011";4.3;97
" ";"2012";3.8;76
" ";"2013";1.0;143
" ";"2014";1.0;158
" ";"2015";0.7;159
" ";"2016";0.9;146
" ";"2017";0.6;168
"Kostanjevica na Krki"
" ";"2002";-;-
" ";"2003";-;-
" ";"2004";-;-
" ";"2005";-;-
" ";"2006";-;-
" ";"2007";0.0;0
" ";"2008";0.4;91
" ";"2009";0.4;251
" ";"2010";4.1;106
" ";"2011";2.9;134
" ";"2012";3.7;117
" ";"2013";1.7;164
" ";"2014";1.2;115
" ";"2015";2.0;97
" ";"2016";1.2;150
" ";"2017";2.0;154
"Kostel"
" ";"2002";1.5;122
" ";"2003";4.4;48
" ";"2004";1.4;72
" ";"2005";4.3;79
" ";"2006";1.5;60
" ";"2007";2.9;86
" ";"2008";7.7;130
" ";"2009";1.5;95
" ";"2010";6.1;68
" ";"2011";7.7;99
" ";"2012";4.7;72
" ";"2013";3.1;141
" ";"2014";9.3;76
" ";"2015";1.6;93
" ";"2016";3.1;90
" ";"2017";0.0;0
"Kozje"
" ";"2002";5.8;100
" ";"2003";3.8;116
" ";"2004";2.4;104
" ";"2005";4.2;116
" ";"2006";2.1;78
" ";"2007";4.2;147
" ";"2008";2.1;123
" ";"2009";1.8;101
" ";"2010";3.1;121
" ";"2011";5.2;131
" ";"2012";2.8;141
" ";"2013";5.1;154
" ";"2014";1.6;227
" ";"2015";1.6;144
" ";"2016";2.3;205
" ";"2017";1.6;142
"Kranj"
" ";"2002";2.1;124
" ";"2003";1.8;157
" ";"2004";3.3;109
" ";"2005";2.7;136
" ";"2006";4.1;95
" ";"2007";7.5;87
" ";"2008";6.2;101
" ";"2009";9.8;77
" ";"2010";3.0;164
" ";"2011";2.2;126
" ";"2012";1.6;138
" ";"2013";1.8;122
" ";"2014";0.5;152
" ";"2015";0.5;165
" ";"2016";0.5;165
" ";"2017";0.8;128
"Kranjska Gora"
" ";"2002";9.3;131
" ";"2003";14.1;109
" ";"2004";15.4;88
" ";"2005";5.2;100
" ";"2006";8.6;76
" ";"2007";18.5;90
" ";"2008";9.2;105
" ";"2009";18.3;91
" ";"2010";5.1;102
" ";"2011";6.0;50
" ";"2012";1.5;164
" ";"2013";1.9;79
" ";"2014";0.9;226
" ";"2015";2.8;145
" ";"2016";1.7;112
" ";"2017";1.7;142
"Križevci"
" ";"2002";4.5;149
" ";"2003";2.8;140
" ";"2004";2.2;135
" ";"2005";0.8;172
" ";"2006";2.8;148
" ";"2007";1.4;115
" ";"2008";2.1;130
" ";"2009";3.2;156
" ";"2010";2.1;129
" ";"2011";3.7;137
" ";"2012";1.6;154
" ";"2013";1.6;113
" ";"2014";1.9;91
" ";"2015";1.1;100
" ";"2016";1.4;97
" ";"2017";1.1;136
"Krško"
" ";"2002";1.6;113
" ";"2003";2.2;136
" ";"2004";2.1;122
" ";"2005";1.3;128
" ";"2006";1.5;143
" ";"2007";1.5;136
" ";"2008";2.9;124
" ";"2009";2.4;148
" ";"2010";2.2;138
" ";"2011";1.9;150
" ";"2012";1.8;127
" ";"2013";1.5;130
" ";"2014";1.5;143
" ";"2015";1.1;106
" ";"2016";1.7;122
" ";"2017";2.1;126
"Kungota"
" ";"2002";7.3;99
" ";"2003";7.5;112
" ";"2004";7.3;127
" ";"2005";9.7;120
" ";"2006";4.3;113
" ";"2007";8.1;123
" ";"2008";6.6;169
" ";"2009";11.5;169
" ";"2010";7.4;146
" ";"2011";8.6;187
" ";"2012";5.0;150
" ";"2013";3.3;160
" ";"2014";2.7;178
" ";"2015";1.7;145
" ";"2016";1.7;134
" ";"2017";1.0;210
"Kuzma"
" ";"2002";3.0;130
" ";"2003";0.6;60
" ";"2004";1.8;100
" ";"2005";4.3;110
" ";"2006";2.4;145
" ";"2007";1.2;185
" ";"2008";7.6;146
" ";"2009";4.5;121
" ";"2010";2.5;151
" ";"2011";1.9;128
" ";"2012";3.8;142
" ";"2013";1.9;121
" ";"2014";3.7;220
" ";"2015";3.8;109
" ";"2016";5.1;199
" ";"2017";1.9;82
"Laško"
" ";"2002";3.6;143
" ";"2003";3.1;147
" ";"2004";2.7;121
" ";"2005";2.4;133
" ";"2006";4.2;105
" ";"2007";2.3;164
" ";"2008";2.0;177
" ";"2009";1.2;145
" ";"2010";1.2;139
" ";"2011";1.8;133
" ";"2012";0.8;134
" ";"2013";1.7;85
" ";"2014";1.4;99
" ";"2015";1.2;79
" ";"2016";2.7;127
" ";"2017";0.6;122
"Lenart"
" ";"2002";4.6;161
" ";"2003";4.8;158
" ";"2004";4.6;161
" ";"2005";14.4;92
" ";"2006";5.1;163
" ";"2007";9.3;147
" ";"2008";11.0;120
" ";"2009";8.0;156
" ";"2010";6.7;122
" ";"2011";2.7;164
" ";"2012";16.6;78
" ";"2013";10.5;110
" ";"2014";2.1;163
" ";"2015";3.0;119
" ";"2016";1.8;185
" ";"2017";2.2;144
"Lendava/Lendva"
" ";"2002";2.9;169
" ";"2003";1.4;141
" ";"2004";1.8;198
" ";"2005";1.0;155
" ";"2006";1.0;134
" ";"2007";3.1;85
" ";"2008";2.3;125
" ";"2009";3.7;91
" ";"2010";2.2;141
" ";"2011";1.5;96
" ";"2012";2.5;151
" ";"2013";2.2;114
" ";"2014";1.6;116
" ";"2015";1.5;100
" ";"2016";3.0;128
" ";"2017";0.5;109
"Litija"
" ";"2002";4.0;140
" ";"2003";4.3;119
" ";"2004";2.4;141
" ";"2005";2.8;126
" ";"2006";0.8;134
" ";"2007";5.7;105
" ";"2008";5.3;101
" ";"2009";10.2;77
" ";"2010";4.1;169
" ";"2011";3.1;189
" ";"2012";4.5;170
" ";"2013";2.7;170
" ";"2014";2.7;168
" ";"2015";1.2;211
" ";"2016";2.2;175
" ";"2017";2.1;150
"Ljubljana"
" ";"2002";4.5;93
" ";"2003";4.6;87
" ";"2004";3.4;83
" ";"2005";4.9;89
" ";"2006";1.7;108
" ";"2007";2.6;96
" ";"2008";5.7;73
" ";"2009";3.0;104
" ";"2010";1.7;102
" ";"2011";2.6;93
" ";"2012";0.5;178
" ";"2013";0.5;180
" ";"2014";1.5;101
" ";"2015";0.9;121
" ";"2016";0.6;177
" ";"2017";0.7;122
"Ljubno"
" ";"2002";0.7;112
" ";"2003";3.0;177
" ";"2004";1.9;180
" ";"2005";1.9;151
" ";"2006";0.7;223
" ";"2007";0.7;293
" ";"2008";1.5;120
" ";"2009";0.4;191
" ";"2010";1.9;139
" ";"2011";1.9;161
" ";"2012";0.0;0
" ";"2013";1.5;133
" ";"2014";1.5;126
" ";"2015";1.5;161
" ";"2016";1.2;172
" ";"2017";1.2;135
"Ljutomer"
" ";"2002";7.8;87
" ";"2003";4.8;104
" ";"2004";2.2;118
" ";"2005";2.6;95
" ";"2006";3.1;141
" ";"2007";2.0;120
" ";"2008";2.2;147
" ";"2009";2.2;103
" ";"2010";3.8;112
" ";"2011";3.2;109
" ";"2012";1.1;100
" ";"2013";1.2;92
" ";"2014";2.0;100
" ";"2015";1.5;114
" ";"2016";2.8;112
" ";"2017";1.0;102
"Log - Dragomer"
" ";"2002";-;-
" ";"2003";-;-
" ";"2004";-;-
" ";"2005";-;-
" ";"2006";-;-
" ";"2007";0.3;118
" ";"2008";2.0;252
" ";"2009";0.6;154
" ";"2010";1.4;253
" ";"2011";2.8;162
" ";"2012";0.8;256
" ";"2013";1.1;132
" ";"2014";1.4;220
" ";"2015";0.3;170
" ";"2016";2.2;164
" ";"2017";1.9;213
"Logatec"
" ";"2002";6.1;162
" ";"2003";4.4;115
" ";"2004";4.1;100
" ";"2005";15.3;73
" ";"2006";2.2;147
" ";"2007";6.2;99
" ";"2008";4.6;138
" ";"2009";30.5;53
" ";"2010";5.5;127
" ";"2011";3.6;146
" ";"2012";5.4;121
" ";"2013";2.4;153
" ";"2014";1.8;189
" ";"2015";2.3;202
" ";"2016";2.2;185
" ";"2017";1.4;169
"Loška dolina"
" ";"2002";1.9;106
" ";"2003";0.5;84
" ";"2004";1.3;135
" ";"2005";1.0;191
" ";"2006";1.3;131
" ";"2007";1.0;152
" ";"2008";0.5;176
" ";"2009";0.5;118
" ";"2010";1.5;202
" ";"2011";0.5;222
" ";"2012";1.3;228
" ";"2013";3.1;144
" ";"2014";0.0;0
" ";"2015";1.3;150
" ";"2016";1.3;128
" ";"2017";1.3;151
"Loški Potok"
" ";"2002";1.0;152
" ";"2003";1.9;140
" ";"2004";2.4;177
" ";"2005";2.0;175
" ";"2006";2.0;139
" ";"2007";1.0;101
" ";"2008";0.0;0
" ";"2009";2.0;202
" ";"2010";4.0;175
" ";"2011";4.6;144
" ";"2012";1.5;245
" ";"2013";1.6;183
" ";"2014";3.2;168
" ";"2015";4.3;183
" ";"2016";1.6;175
" ";"2017";1.1;249
"Lovrenc na Pohorju"
" ";"2002";3.8;99
" ";"2003";1.9;116
" ";"2004";1.3;243
" ";"2005";1.9;196
" ";"2006";2.5;166
" ";"2007";2.2;185
" ";"2008";1.6;155
" ";"2009";2.2;155
" ";"2010";8.0;85
" ";"2011";1.9;164
" ";"2012";2.6;165
" ";"2013";3.8;123
" ";"2014";1.3;123
" ";"2015";2.6;103
" ";"2016";1.0;84
" ";"2017";1.3;128
"Luèe"
" ";"2002";1.3;136
" ";"2003";1.9;173
" ";"2004";1.3;150
" ";"2005";1.2;140
" ";"2006";3.7;160
" ";"2007";0.6;156
" ";"2008";0.6;179
" ";"2009";0.7;197
" ";"2010";1.3;134
" ";"2011";1.3;155
" ";"2012";0.7;209
" ";"2013";0.7;192
" ";"2014";0.7;42
" ";"2015";2.7;111
" ";"2016";1.3;95
" ";"2017";2.0;127
"Lukovica"
" ";"2002";4.2;132
" ";"2003";2.1;160
" ";"2004";2.2;156
" ";"2005";1.0;147
" ";"2006";2.2;164
" ";"2007";3.4;152
" ";"2008";4.2;159
" ";"2009";2.8;148
" ";"2010";1.1;152
" ";"2011";0.7;150
" ";"2012";0.5;185
" ";"2013";1.4;142
" ";"2014";1.4;185
" ";"2015";3.5;113
" ";"2016";2.3;148
" ";"2017";1.9;167
"Majšperk"
" ";"2002";2.2;75
" ";"2003";1.0;106
" ";"2004";2.7;89
" ";"2005";1.2;96
" ";"2006";2.9;128
" ";"2007";1.5;111
" ";"2008";2.9;157
" ";"2009";1.5;108
" ";"2010";1.9;104
" ";"2011";1.5;151
" ";"2012";1.0;86
" ";"2013";0.8;207
" ";"2014";0.8;141
" ";"2015";0.5;87
" ";"2016";1.0;234
" ";"2017";3.5;166
"Makole"
" ";"2002";-;-
" ";"2003";-;-
" ";"2004";-;-
" ";"2005";-;-
" ";"2006";-;-
" ";"2007";0.5;188
" ";"2008";0.0;0
" ";"2009";1.4;121
" ";"2010";1.9;191
" ";"2011";3.4;200
" ";"2012";3.4;117
" ";"2013";2.0;99
" ";"2014";3.5;102
" ";"2015";1.5;93
" ";"2016";1.5;120
" ";"2017";2.5;191
"Maribor"
" ";"2002";3.8;108
" ";"2003";5.9;94
" ";"2004";4.8;90
" ";"2005";5.8;88
" ";"2006";3.8;105
" ";"2007";6.3;97
" ";"2008";8.1;73
" ";"2009";3.4;97
" ";"2010";1.0;165
" ";"2011";0.9;174
" ";"2012";0.5;162
" ";"2013";0.6;152
" ";"2014";0.8;144
" ";"2015";0.8;171
" ";"2016";0.6;139
" ";"2017";0.8;147
"Markovci"
" ";"2002";2.0;114
" ";"2003";2.7;91
" ";"2004";3.7;115
" ";"2005";1.7;122
" ";"2006";1.7;108
" ";"2007";2.0;172
" ";"2008";1.3;144
" ";"2009";2.8;122
" ";"2010";1.3;114
" ";"2011";1.5;227
" ";"2012";2.0;182
" ";"2013";0.5;135
" ";"2014";1.0;195
" ";"2015";0.5;113
" ";"2016";2.0;164
" ";"2017";2.5;164
"Medvode"
" ";"2002";2.5;126
" ";"2003";2.1;235
" ";"2004";5.0;137
" ";"2005";4.5;166
" ";"2006";3.9;187
" ";"2007";5.7;157
" ";"2008";6.3;172
" ";"2009";9.9;142
" ";"2010";4.8;148
" ";"2011";3.3;145
" ";"2012";2.5;159
" ";"2013";2.3;172
" ";"2014";2.6;144
" ";"2015";2.2;150
" ";"2016";1.4;168
" ";"2017";1.4;192
"Mengeš"
" ";"2002";0.4;98
" ";"2003";0.6;141
" ";"2004";0.0;0
" ";"2005";1.6;122
" ";"2006";7.0;64
" ";"2007";2.2;91
" ";"2008";4.2;122
" ";"2009";1.6;160
" ";"2010";0.4;141
" ";"2011";0.7;127
" ";"2012";0.5;134
" ";"2013";0.0;0
" ";"2014";1.9;68
" ";"2015";2.5;140
" ";"2016";2.3;156
" ";"2017";2.4;159
"Metlika"
" ";"2002";3.9;120
" ";"2003";1.3;152
" ";"2004";2.4;133
" ";"2005";1.4;123
" ";"2006";2.1;179
" ";"2007";2.5;150
" ";"2008";2.7;123
" ";"2009";2.0;115
" ";"2010";1.8;94
" ";"2011";2.7;145
" ";"2012";1.9;130
" ";"2013";2.4;189
" ";"2014";1.9;123
" ";"2015";2.3;157
" ";"2016";1.6;152
" ";"2017";1.1;151
"Mežica"
" ";"2002";0.0;0
" ";"2003";1.5;78
" ";"2004";4.8;76
" ";"2005";1.8;79
" ";"2006";2.1;92
" ";"2007";0.0;0
" ";"2008";0.3;212
" ";"2009";1.6;150
" ";"2010";0.0;0
" ";"2011";0.3;112
" ";"2012";0.3;242
" ";"2013";0.6;221
" ";"2014";0.0;0
" ";"2015";0.6;114
" ";"2016";0.6;86
" ";"2017";0.8;50
"Miklavž na Dravskem polju"
" ";"2002";6.5;116
" ";"2003";3.5;130
" ";"2004";5.8;135
" ";"2005";9.8;91
" ";"2006";4.9;161
" ";"2007";4.5;115
" ";"2008";7.4;120
" ";"2009";8.0;177
" ";"2010";4.6;163
" ";"2011";7.0;162
" ";"2012";2.2;150
" ";"2013";2.5;135
" ";"2014";4.0;196
" ";"2015";1.4;157
" ";"2016";1.4;127
" ";"2017";3.0;143
"Miren - Kostanjevica"
" ";"2002";3.1;194
" ";"2003";3.7;152
" ";"2004";3.5;147
" ";"2005";3.3;164
" ";"2006";4.8;180
" ";"2007";4.3;156
" ";"2008";4.2;134
" ";"2009";3.9;158
" ";"2010";8.1;164
" ";"2011";1.9;117
" ";"2012";1.9;193
" ";"2013";1.6;166
" ";"2014";2.1;139
" ";"2015";1.4;154
" ";"2016";1.7;112
" ";"2017";2.3;165
"Mirna"
" ";"2002";-;-
" ";"2003";-;-
" ";"2004";-;-
" ";"2005";-;-
" ";"2006";-;-
" ";"2007";-;-
" ";"2008";-;-
" ";"2009";-;-
" ";"2010";-;-
" ";"2011";-;-
" ";"2012";0.0;0
" ";"2013";0.4;83
" ";"2014";0.4;248
" ";"2015";3.2;169
" ";"2016";2.4;214
" ";"2017";3.1;201
"Mirna Peè"
" ";"2002";3.3;137
" ";"2003";2.9;119
" ";"2004";1.8;88
" ";"2005";4.0;119
" ";"2006";4.3;152
" ";"2007";1.8;121
" ";"2008";1.1;169
" ";"2009";2.2;168
" ";"2010";1.4;145
" ";"2011";1.1;216
" ";"2012";0.4;40
" ";"2013";2.4;145
" ";"2014";0.7;154
" ";"2015";3.1;163
" ";"2016";2.4;166
" ";"2017";2.4;166
"Mislinja"
" ";"2002";4.7;99
" ";"2003";4.7;107
" ";"2004";2.3;119
" ";"2005";4.6;184
" ";"2006";1.7;170
" ";"2007";2.5;182
" ";"2008";1.9;159
" ";"2009";13.9;70
" ";"2010";1.7;215
" ";"2011";1.1;189
" ";"2012";1.3;218
" ";"2013";1.3;197
" ";"2014";1.3;171
" ";"2015";1.7;172
" ";"2016";0.4;162
" ";"2017";0.7;180
"Mokronog - Trebelno"
" ";"2002";-;-
" ";"2003";-;-
" ";"2004";-;-
" ";"2005";-;-
" ";"2006";-;-
" ";"2007";0.0;0
" ";"2008";3.1;129
" ";"2009";0.0;0
" ";"2010";1.7;170
" ";"2011";3.0;179
" ";"2012";4.0;189
" ";"2013";2.3;135
" ";"2014";2.0;170
" ";"2015";2.6;176
" ";"2016";2.0;175
" ";"2017";7.3;145
"Moravèe"
" ";"2002";6.9;132
" ";"2003";2.9;135
" ";"2004";1.7;148
" ";"2005";1.9;172
" ";"2006";1.9;149
" ";"2007";2.5;163
" ";"2008";3.1;185
" ";"2009";3.5;192
" ";"2010";3.0;151
" ";"2011";1.8;151
" ";"2012";2.2;181
" ";"2013";2.3;159
" ";"2014";1.2;188
" ";"2015";1.1;149
" ";"2016";1.0;126
" ";"2017";0.8;264
"Moravske Toplice"
" ";"2002";5.1;112
" ";"2003";2.6;121
" ";"2004";3.9;82
" ";"2005";3.5;98
" ";"2006";2.6;112
" ";"2007";4.0;97
" ";"2008";3.8;121
" ";"2009";3.6;145
" ";"2010";3.8;119
" ";"2011";3.4;140
" ";"2012";2.2;160
" ";"2013";2.9;130
" ";"2014";2.2;135
" ";"2015";1.5;85
" ";"2016";2.4;143
" ";"2017";2.9;137
"Mozirje"
" ";"2002";1.9;140
" ";"2003";0.9;159
" ";"2004";1.9;185
" ";"2005";9.0;92
" ";"2006";8.9;88
" ";"2007";1.7;189
" ";"2008";1.2;160
" ";"2009";2.0;129
" ";"2010";2.5;143
" ";"2011";3.2;135
" ";"2012";18.5;73
" ";"2013";11.7;99
" ";"2014";0.7;202
" ";"2015";4.7;138
" ";"2016";1.7;136
" ";"2017";2.0;214
"Murska Sobota"
" ";"2002";0.9;129
" ";"2003";0.8;112
" ";"2004";1.3;86
" ";"2005";1.3;99
" ";"2006";1.9;108
" ";"2007";1.6;120
" ";"2008";1.8;106
" ";"2009";1.8;138
" ";"2010";1.6;136
" ";"2011";1.3;146
" ";"2012";0.9;184
" ";"2013";0.6;196
" ";"2014";1.0;156
" ";"2015";1.4;85
" ";"2016";3.1;79
" ";"2017";0.7;139
"Muta"
" ";"2002";1.1;82
" ";"2003";3.5;109
" ";"2004";7.3;96
" ";"2005";3.0;138
" ";"2006";6.3;86
" ";"2007";1.4;142
" ";"2008";3.6;126
" ";"2009";2.5;164
" ";"2010";1.7;127
" ";"2011";1.4;178
" ";"2012";0.0;0
" ";"2013";0.6;124
" ";"2014";2.3;142
" ";"2015";1.5;161
" ";"2016";1.5;118
" ";"2017";2.4;152
"Naklo"
" ";"2002";6.1;160
" ";"2003";2.8;128
" ";"2004";3.6;200
" ";"2005";1.8;166
" ";"2006";2.8;192
" ";"2007";3.3;164
" ";"2008";3.7;202
" ";"2009";2.7;169
" ";"2010";2.1;181
" ";"2011";1.9;160
" ";"2012";1.5;220
" ";"2013";1.3;112
" ";"2014";0.9;280
" ";"2015";1.1;161
" ";"2016";2.1;135
" ";"2017";1.1;176
"Nazarje"
" ";"2002";0.4;115
" ";"2003";1.1;172
" ";"2004";1.5;188
" ";"2005";0.8;145
" ";"2006";0.8;145
" ";"2007";0.8;158
" ";"2008";0.0;0
" ";"2009";1.5;135
" ";"2010";1.5;142
" ";"2011";12.3;53
" ";"2012";0.8;183
" ";"2013";0.8;148
" ";"2014";1.6;161
" ";"2015";1.2;103
" ";"2016";1.2;125
" ";"2017";10.8;61
"Nova Gorica"
" ";"2002";2.8;146
" ";"2003";4.8;112
" ";"2004";3.8;132
" ";"2005";2.5;137
" ";"2006";4.9;100
" ";"2007";4.9;98
" ";"2008";3.4;101
" ";"2009";9.8;73
" ";"2010";2.5;100
" ";"2011";1.5;125
" ";"2012";2.4;126
" ";"2013";1.0;125
" ";"2014";0.9;118
" ";"2015";1.0;129
" ";"2016";1.8;152
" ";"2017";1.0;141
"Novo mesto"
" ";"2002";2.2;139
" ";"2003";1.8;132
" ";"2004";2.6;106
" ";"2005";2.2;142
" ";"2006";5.6;83
" ";"2007";7.1;108
" ";"2008";6.1;116
" ";"2009";1.9;169
" ";"2010";1.1;167
" ";"2011";0.8;146
" ";"2012";0.9;164
" ";"2013";1.1;177
" ";"2014";1.3;156
" ";"2015";1.3;182
" ";"2016";1.1;173
" ";"2017";1.1;166
"Odranci"
" ";"2002";2.9;188
" ";"2003";4.7;99
" ";"2004";2.3;234
" ";"2005";1.2;160
" ";"2006";1.8;147
" ";"2007";1.2;238
" ";"2008";1.2;252
" ";"2009";2.4;216
" ";"2010";1.8;181
" ";"2011";1.8;207
" ";"2012";3.0;158
" ";"2013";2.4;126
" ";"2014";4.3;128
" ";"2015";1.2;73
" ";"2016";3.1;146
" ";"2017";2.5;137
"Oplotnica"
" ";"2002";2.5;171
" ";"2003";1.8;151
" ";"2004";2.0;196
" ";"2005";2.8;190
" ";"2006";6.6;132
" ";"2007";5.0;144
" ";"2008";4.8;187
" ";"2009";6.4;113
" ";"2010";3.0;163
" ";"2011";3.3;178
" ";"2012";4.5;178
" ";"2013";3.5;155
" ";"2014";2.7;145
" ";"2015";2.2;144
" ";"2016";3.4;160
" ";"2017";1.7;129
"Ormož"
" ";"2002";2.9;125
" ";"2003";2.3;124
" ";"2004";2.3;109
" ";"2005";2.3;122
" ";"2006";2.8;130
" ";"2007";3.7;145
" ";"2008";3.0;150
" ";"2009";4.1;125
" ";"2010";4.4;103
" ";"2011";1.3;97
" ";"2012";1.8;144
" ";"2013";2.3;132
" ";"2014";4.1;84
" ";"2015";1.7;131
" ";"2016";3.0;126
" ";"2017";2.4;131
"Osilnica"
" ";"2002";0.0;0
" ";"2003";0.0;0
" ";"2004";2.3;142
" ";"2005";2.3;130
" ";"2006";4.7;43
" ";"2007";2.3;86
" ";"2008";0.0;0
" ";"2009";0.0;0
" ";"2010";17.3;64
" ";"2011";2.5;60
" ";"2012";4.8;174
" ";"2013";2.6;50
" ";"2014";0.0;0
" ";"2015";0.0;0
" ";"2016";0.0;0
" ";"2017";2.7;114
"Pesnica"
" ";"2002";4.9;131
" ";"2003";3.0;143
" ";"2004";4.3;121
" ";"2005";3.6;141
" ";"2006";7.4;117
" ";"2007";4.4;134
" ";"2008";4.5;161
" ";"2009";4.6;152
" ";"2010";2.8;143
" ";"2011";2.3;178
" ";"2012";1.6;150
" ";"2013";2.3;157
" ";"2014";1.3;166
" ";"2015";1.2;177
" ";"2016";1.8;138
" ";"2017";1.8;162
"Piran/Pirano"
" ";"2002";3.9;79
" ";"2003";1.9;91
" ";"2004";4.3;81
" ";"2005";9.6;116
" ";"2006";4.7;100
" ";"2007";4.1;110
" ";"2008";7.3;76
" ";"2009";7.2;80
" ";"2010";2.0;107
" ";"2011";0.9;131
" ";"2012";2.9;96
" ";"2013";2.1;105
" ";"2014";0.8;183
" ";"2015";1.1;145
" ";"2016";1.2;152
" ";"2017";0.7;163
"Pivka"
" ";"2002";3.5;151
" ";"2003";8.4;76
" ";"2004";3.7;143
" ";"2005";2.5;157
" ";"2006";3.0;138
" ";"2007";1.7;109
" ";"2008";3.0;137
" ";"2009";3.3;117
" ";"2010";2.5;128
" ";"2011";3.9;139
" ";"2012";2.2;164
" ";"2013";2.5;134
" ";"2014";2.3;166
" ";"2015";2.3;206
" ";"2016";0.7;129
" ";"2017";0.8;118
"Podèetrtek"
" ";"2002";8.5;59
" ";"2003";7.2;83
" ";"2004";9.0;60
" ";"2005";6.3;86
" ";"2006";6.0;84
" ";"2007";11.1;92
" ";"2008";4.3;107
" ";"2009";10.9;80
" ";"2010";4.8;122
" ";"2011";7.8;96
" ";"2012";11.7;78
" ";"2013";32.8;81
" ";"2014";2.7;100
" ";"2015";4.8;114
" ";"2016";1.8;135
" ";"2017";1.8;159
"Podlehnik"
" ";"2002";1.0;80
" ";"2003";2.1;81
" ";"2004";1.0;101
" ";"2005";1.5;96
" ";"2006";4.1;132
" ";"2007";2.6;87
" ";"2008";1.0;130
" ";"2009";1.6;101
" ";"2010";1.1;130
" ";"2011";0.5;110
" ";"2012";0.5;204
" ";"2013";0.5;238
" ";"2014";1.1;98
" ";"2015";1.1;126
" ";"2016";2.8;156
" ";"2017";1.1;111
"Podvelka"
" ";"2002";0.7;115
" ";"2003";6.2;60
" ";"2004";3.6;94
" ";"2005";1.8;121
" ";"2006";2.2;118
" ";"2007";3.0;97
" ";"2008";0.8;107
" ";"2009";1.9;143
" ";"2010";1.9;122
" ";"2011";1.2;156
" ";"2012";0.8;165
" ";"2013";0.8;214
" ";"2014";5.0;98
" ";"2015";0.8;74
" ";"2016";0.0;0
" ";"2017";0.4;43
"Poljèane"
" ";"2002";-;-
" ";"2003";-;-
" ";"2004";-;-
" ";"2005";-;-
" ";"2006";-;-
" ";"2007";0.5;119
" ";"2008";0.7;103
" ";"2009";0.4;383
" ";"2010";9.8;128
" ";"2011";2.2;186
" ";"2012";2.2;167
" ";"2013";2.4;184
" ";"2014";1.3;170
" ";"2015";0.9;122
" ";"2016";1.1;165
" ";"2017";0.7;84
"Polzela"
" ";"2002";5.5;154
" ";"2003";4.0;161
" ";"2004";4.1;122
" ";"2005";2.4;139
" ";"2006";2.3;208
" ";"2007";2.0;222
" ";"2008";4.5;179
" ";"2009";4.1;194
" ";"2010";7.4;183
" ";"2011";3.5;193
" ";"2012";2.7;151
" ";"2013";1.8;164
" ";"2014";1.5;182
" ";"2015";1.1;128
" ";"2016";2.1;139
" ";"2017";2.1;156
"Postojna"
" ";"2002";6.2;102
" ";"2003";4.6;125
" ";"2004";4.8;107
" ";"2005";5.1;114
" ";"2006";3.0;166
" ";"2007";5.4;123
" ";"2008";17.2;77
" ";"2009";4.0;129
" ";"2010";5.8;114
" ";"2011";7.0;94
" ";"2012";2.9;164
" ";"2013";2.3;184
" ";"2014";1.6;153
" ";"2015";1.4;143
" ";"2016";1.4;136
" ";"2017";0.9;139
"Prebold"
" ";"2002";1.7;206
" ";"2003";0.9;170
" ";"2004";1.3;115
" ";"2005";5.2;94
" ";"2006";0.4;84
" ";"2007";11.3;64
" ";"2008";1.5;198
" ";"2009";5.8;178
" ";"2010";1.7;188
" ";"2011";14.9;71
" ";"2012";1.6;157
" ";"2013";1.8;155
" ";"2014";1.2;224
" ";"2015";1.4;162
" ";"2016";1.0;137
" ";"2017";1.8;150
"Preddvor"
" ";"2002";7.5;102
" ";"2003";5.4;162
" ";"2004";3.2;180
" ";"2005";5.1;162
" ";"2006";5.0;163
" ";"2007";3.7;183
" ";"2008";1.2;177
" ";"2009";1.5;261
" ";"2010";10.0;115
" ";"2011";3.4;187
" ";"2012";3.6;213
" ";"2013";1.7;175
" ";"2014";3.7;69
" ";"2015";0.8;130
" ";"2016";0.6;163
" ";"2017";1.7;167
"Prevalje"
" ";"2002";6.7;69
" ";"2003";4.0;82
" ";"2004";5.6;73
" ";"2005";2.4;124
" ";"2006";6.8;77
" ";"2007";3.0;77
" ";"2008";1.6;117
" ";"2009";0.7;176
" ";"2010";5.3;67
" ";"2011";1.2;175
" ";"2012";0.9;183
" ";"2013";0.7;270
" ";"2014";2.7;88
" ";"2015";0.4;171
" ";"2016";0.6;155
" ";"2017";1.6;120
"Ptuj"
" ";"2002";2.0;108
" ";"2003";2.4;118
" ";"2004";4.7;83
" ";"2005";1.7;116
" ";"2006";1.5;118
" ";"2007";1.7;143
" ";"2008";1.6;129
" ";"2009";1.8;132
" ";"2010";1.2;147
" ";"2011";0.9;140
" ";"2012";0.5;192
" ";"2013";0.5;128
" ";"2014";0.7;90
" ";"2015";0.8;129
" ";"2016";1.0;125
" ";"2017";1.2;131
"Puconci"
" ";"2002";2.8;118
" ";"2003";2.4;103
" ";"2004";2.5;107
" ";"2005";2.1;90
" ";"2006";3.2;101
" ";"2007";2.7;106
" ";"2008";5.4;71
" ";"2009";2.6;132
" ";"2010";2.8;118
" ";"2011";2.3;165
" ";"2012";2.0;151
" ";"2013";2.6;181
" ";"2014";1.3;117
" ";"2015";1.7;104
" ";"2016";2.3;123
" ";"2017";2.7;90
"Raèe - Fram"
" ";"2002";3.4;134
" ";"2003";5.1;143
" ";"2004";8.7;108
" ";"2005";6.0;138
" ";"2006";5.3;168
" ";"2007";9.6;107
" ";"2008";9.2;138
" ";"2009";7.7;125
" ";"2010";3.6;155
" ";"2011";5.6;162
" ";"2012";32.5;98
" ";"2013";2.9;162
" ";"2014";3.3;139
" ";"2015";2.4;133
" ";"2016";3.6;146
" ";"2017";1.4;205
"Radeèe"
" ";"2002";1.5;108
" ";"2003";1.7;174
" ";"2004";2.4;150
" ";"2005";2.2;111
" ";"2006";1.7;107
" ";"2007";1.5;227
" ";"2008";1.1;160
" ";"2009";0.9;135
" ";"2010";5.8;85
" ";"2011";0.4;140
" ";"2012";1.3;142
" ";"2013";0.5;85
" ";"2014";1.6;71
" ";"2015";1.4;106
" ";"2016";1.2;84
" ";"2017";0.2;79
"Radenci"
" ";"2002";5.1;145
" ";"2003";3.2;202
" ";"2004";5.3;147
" ";"2005";2.1;158
" ";"2006";0.9;162
" ";"2007";1.9;192
" ";"2008";18.6;266
" ";"2009";1.9;163
" ";"2010";2.1;136
" ";"2011";2.1;179
" ";"2012";2.1;169
" ";"2013";2.9;195
" ";"2014";1.7;158
" ";"2015";1.0;156
" ";"2016";1.0;128
" ";"2017";1.2;145
"Radlje ob Dravi"
" ";"2002";3.2;69
" ";"2003";4.6;82
" ";"2004";3.8;105
" ";"2005";1.3;88
" ";"2006";3.3;111
" ";"2007";1.3;140
" ";"2008";2.9;158
" ";"2009";3.0;175
" ";"2010";13.3;73
" ";"2011";2.4;126
" ";"2012";1.9;196
" ";"2013";3.2;128
" ";"2014";4.9;69
" ";"2015";0.8;142
" ";"2016";1.3;113
" ";"2017";1.8;147
"Radovljica"
" ";"2002";2.6;93
" ";"2003";2.6;117
" ";"2004";2.7;125
" ";"2005";3.0;150
" ";"2006";4.8;121
" ";"2007";2.2;175
" ";"2008";2.8;149
" ";"2009";1.4;187
" ";"2010";2.8;171
" ";"2011";2.5;191
" ";"2012";3.0;90
" ";"2013";6.5;92
" ";"2014";1.8;194
" ";"2015";1.2;150
" ";"2016";1.5;176
" ";"2017";1.3;136
"Ravne na Koroškem"
" ";"2002";3.8;88
" ";"2003";6.2;55
" ";"2004";3.9;76
" ";"2005";2.1;74
" ";"2006";2.3;104
" ";"2007";0.5;70
" ";"2008";0.8;125
" ";"2009";7.9;76
" ";"2010";1.0;166
" ";"2011";0.3;160
" ";"2012";1.0;139
" ";"2013";0.9;144
" ";"2014";0.9;142
" ";"2015";0.5;177
" ";"2016";0.9;137
" ";"2017";1.2;163
"Razkrižje"
" ";"2002";2.2;91
" ";"2003";3.7;67
" ";"2004";1.5;59
" ";"2005";3.7;119
" ";"2006";4.4;173
" ";"2007";3.7;103
" ";"2008";4.4;120
" ";"2009";0.7;146
" ";"2010";5.2;191
" ";"2011";0.7;105
" ";"2012";2.2;109
" ";"2013";2.2;170
" ";"2014";0.8;176
" ";"2015";0.0;0
" ";"2016";1.5;52
" ";"2017";1.6;96
"Reèica ob Savinji"
" ";"2002";-;-
" ";"2003";-;-
" ";"2004";-;-
" ";"2005";-;-
" ";"2006";-;-
" ";"2007";0.0;0
" ";"2008";0.4;123
" ";"2009";0.0;0
" ";"2010";0.4;170
" ";"2011";0.9;187
" ";"2012";0.4;112
" ";"2013";1.3;185
" ";"2014";2.1;149
" ";"2015";0.9;202
" ";"2016";1.3;178
" ";"2017";2.2;131
"Renèe - Vogrsko"
" ";"2002";-;-
" ";"2003";-;-
" ";"2004";-;-
" ";"2005";-;-
" ";"2006";-;-
" ";"2007";0.2;90
" ";"2008";0.0;0
" ";"2009";7.0;134
" ";"2010";3.0;133
" ";"2011";1.4;180
" ";"2012";1.6;216
" ";"2013";3.3;152
" ";"2014";1.4;148
" ";"2015";2.8;122
" ";"2016";1.6;110
" ";"2017";1.2;162
"Ribnica"
" ";"2002";2.5;123
" ";"2003";2.9;175
" ";"2004";2.1;171
" ";"2005";2.7;84
" ";"2006";2.7;130
" ";"2007";2.5;156
" ";"2008";2.7;197
" ";"2009";2.5;158
" ";"2010";10.9;79
" ";"2011";2.3;186
" ";"2012";1.9;215
" ";"2013";1.4;228
" ";"2014";2.7;203
" ";"2015";1.9;192
" ";"2016";1.2;204
" ";"2017";1.1;207
"Ribnica na Pohorju"
" ";"2002";0.8;88
" ";"2003";2.4;95
" ";"2004";1.6;86
" ";"2005";0.0;0
" ";"2006";4.7;79
" ";"2007";9.5;63
" ";"2008";3.2;108
" ";"2009";2.4;106
" ";"2010";0.0;0
" ";"2011";0.0;0
" ";"2012";2.5;154
" ";"2013";4.2;47
" ";"2014";0.0;0
" ";"2015";6.8;107
" ";"2016";2.5;125
" ";"2017";0.8;220
"Rogaška Slatina"
" ";"2002";7.3;91
" ";"2003";3.6;111
" ";"2004";4.4;107
" ";"2005";2.9;121
" ";"2006";4.6;96
" ";"2007";4.1;95
" ";"2008";2.0;105
" ";"2009";2.2;129
" ";"2010";6.5;76
" ";"2011";3.3;127
" ";"2012";3.9;140
" ";"2013";3.9;159
" ";"2014";4.2;155
" ";"2015";3.2;138
" ";"2016";2.0;170
" ";"2017";2.4;123
"Rogašovci"
" ";"2002";1.5;105
" ";"2003";0.9;105
" ";"2004";1.2;99
" ";"2005";2.7;94
" ";"2006";1.2;127
" ";"2007";1.8;116
" ";"2008";1.8;101
" ";"2009";1.5;124
" ";"2010";2.2;117
" ";"2011";1.2;139
" ";"2012";0.9;98
" ";"2013";1.9;188
" ";"2014";2.2;177
" ";"2015";1.6;179
" ";"2016";2.6;129
" ";"2017";3.2;173
"Rogatec"
" ";"2002";3.4;83
" ";"2003";2.8;103
" ";"2004";3.4;105
" ";"2005";1.5;123
" ";"2006";1.5;76
" ";"2007";2.2;107
" ";"2008";1.0;120
" ";"2009";1.0;122
" ";"2010";2.2;106
" ";"2011";1.9;125
" ";"2012";1.0;128
" ";"2013";1.9;136
" ";"2014";0.3;137
" ";"2015";1.3;123
" ";"2016";1.9;170
" ";"2017";1.0;176
"Ruše"
" ";"2002";2.7;123
" ";"2003";6.3;80
" ";"2004";2.4;161
" ";"2005";9.6;66
" ";"2006";5.7;107
" ";"2007";3.5;144
" ";"2008";7.6;129
" ";"2009";10.6;82
" ";"2010";1.4;137
" ";"2011";3.2;153
" ";"2012";2.2;123
" ";"2013";1.8;126
" ";"2014";0.8;121
" ";"2015";1.4;135
" ";"2016";0.6;221
" ";"2017";0.3;136
"Selnica ob Dravi"
" ";"2002";2.0;106
" ";"2003";3.9;147
" ";"2004";1.1;190
" ";"2005";2.6;162
" ";"2006";1.3;245
" ";"2007";3.5;140
" ";"2008";5.1;169
" ";"2009";4.4;120
" ";"2010";2.7;142
" ";"2011";3.3;176
" ";"2012";1.8;139
" ";"2013";2.0;134
" ";"2014";2.9;141
" ";"2015";0.9;130
" ";"2016";2.4;151
" ";"2017";2.0;164
"Semiè"
" ";"2002";2.9;88
" ";"2003";2.9;60
" ";"2004";8.6;70
" ";"2005";2.1;60
" ";"2006";4.7;70
" ";"2007";2.8;81
" ";"2008";2.6;140
" ";"2009";1.3;143
" ";"2010";0.8;152
" ";"2011";1.3;137
" ";"2012";1.6;143
" ";"2013";1.8;123
" ";"2014";2.1;122
" ";"2015";1.1;192
" ";"2016";1.1;179
" ";"2017";1.3;186
"Sevnica"
" ";"2002";3.1;139
" ";"2003";3.5;129
" ";"2004";2.6;152
" ";"2005";2.5;164
" ";"2006";2.4;135
" ";"2007";5.2;123
" ";"2008";3.2;123
" ";"2009";1.4;134
" ";"2010";2.2;142
" ";"2011";3.0;162
" ";"2012";1.9;123
" ";"2013";1.7;158
" ";"2014";1.9;153
" ";"2015";1.8;145
" ";"2016";2.2;166
" ";"2017";2.1;161
"Sežana"
" ";"2002";3.2;141
" ";"2003";1.4;132
" ";"2004";2.2;128
" ";"2005";7.1;96
" ";"2006";4.8;98
" ";"2007";9.5;108
" ";"2008";5.1;98
" ";"2009";3.6;104
" ";"2010";3.6;159
" ";"2011";2.6;163
" ";"2012";2.3;176
" ";"2013";3.1;198
" ";"2014";1.2;194
" ";"2015";1.3;149
" ";"2016";1.6;188
" ";"2017";1.6;150
"Slovenj Gradec"
" ";"2002";5.0;104
" ";"2003";4.0;106
" ";"2004";2.2;126
" ";"2005";2.8;136
" ";"2006";3.7;116
" ";"2007";0.6;195
" ";"2008";3.5;124
" ";"2009";4.1;141
" ";"2010";1.8;179
" ";"2011";1.4;280
" ";"2012";1.2;198
" ";"2013";1.4;202
" ";"2014";0.9;185
" ";"2015";1.2;169
" ";"2016";1.3;171
" ";"2017";1.3;172
"Slovenska Bistrica"
" ";"2002";4.4;157
" ";"2003";3.3;165
" ";"2004";5.1;113
" ";"2005";3.6;154
" ";"2006";8.1;109
" ";"2007";7.0;133
" ";"2008";7.6;157
" ";"2009";8.5;139
" ";"2010";5.9;167
" ";"2011";9.6;89
" ";"2012";3.5;166
" ";"2013";2.3;155
" ";"2014";3.2;129
" ";"2015";1.9;172
" ";"2016";2.3;122
" ";"2017";1.9;144
"Slovenske Konjice"
" ";"2002";4.1;156
" ";"2003";3.2;162
" ";"2004";2.7;173
" ";"2005";3.1;128
" ";"2006";4.9;144
" ";"2007";4.7;136
" ";"2008";6.1;151
" ";"2009";4.3;148
" ";"2010";5.9;126
" ";"2011";6.9;112
" ";"2012";3.3;177
" ";"2013";5.2;95
" ";"2014";1.4;177
" ";"2015";2.1;192
" ";"2016";1.5;168
" ";"2017";2.0;156
"Sodražica"
" ";"2002";10.2;77
" ";"2003";6.9;58
" ";"2004";4.6;157
" ";"2005";0.9;148
" ";"2006";2.7;162
" ";"2007";3.7;195
" ";"2008";5.1;166
" ";"2009";3.7;189
" ";"2010";4.1;204
" ";"2011";2.3;188
" ";"2012";2.7;233
" ";"2013";2.3;171
" ";"2014";2.3;173
" ";"2015";2.3;176
" ";"2016";1.8;267
" ";"2017";3.2;122
"Solèava"
" ";"2002";3.6;93
" ";"2003";1.8;137
" ";"2004";0.0;0
" ";"2005";1.8;126
" ";"2006";1.8;191
" ";"2007";0.0;0
" ";"2008";0.0;0
" ";"2009";2.0;250
" ";"2010";0.0;0
" ";"2011";1.9;185
" ";"2012";0.0;0
" ";"2013";0.0;0
" ";"2014";1.9;146
" ";"2015";0.0;0
" ";"2016";1.9;82
" ";"2017";1.9;135
"Središèe ob Dravi"
" ";"2002";-;-
" ";"2003";-;-
" ";"2004";-;-
" ";"2005";-;-
" ";"2006";-;-
" ";"2007";0.0;0
" ";"2008";0.0;0
" ";"2009";0.0;0
" ";"2010";0.0;0
" ";"2011";1.4;96
" ";"2012";0.9;171
" ";"2013";0.0;0
" ";"2014";1.9;107
" ";"2015";1.0;153
" ";"2016";2.0;126
" ";"2017";2.5;143
"Starše"
" ";"2002";2.8;136
" ";"2003";2.0;146
" ";"2004";3.7;135
" ";"2005";3.0;128
" ";"2006";3.7;185
" ";"2007";2.7;113
" ";"2008";5.9;88
" ";"2009";5.1;168
" ";"2010";3.1;174
" ";"2011";3.4;145
" ";"2012";2.4;172
" ";"2013";1.2;185
" ";"2014";1.5;152
" ";"2015";1.7;152
" ";"2016";1.7;150
" ";"2017";2.5;135
"Straža"
" ";"2002";-;-
" ";"2003";-;-
" ";"2004";-;-
" ";"2005";-;-
" ";"2006";-;-
" ";"2007";0.5;93
" ";"2008";0.0;0
" ";"2009";0.3;122
" ";"2010";1.3;158
" ";"2011";0.3;64
" ";"2012";0.8;107
" ";"2013";0.5;126
" ";"2014";0.8;111
" ";"2015";0.3;164
" ";"2016";1.3;181
" ";"2017";3.1;180
"Sveta Ana"
" ";"2002";7.6;112
" ";"2003";4.2;174
" ";"2004";3.0;235
" ";"2005";3.8;195
" ";"2006";2.5;204
" ";"2007";3.4;182
" ";"2008";2.5;168
" ";"2009";3.0;90
" ";"2010";3.8;186
" ";"2011";3.4;163
" ";"2012";4.7;193
" ";"2013";6.0;181
" ";"2014";2.6;187
" ";"2015";1.7;216
" ";"2016";9.1;119
" ";"2017";4.4;200
"Sveta Trojica v Slov. goricah"
" ";"2002";-;-
" ";"2003";-;-
" ";"2004";-;-
" ";"2005";-;-
" ";"2006";-;-
" ";"2007";0.4;114
" ";"2008";0.5;127
" ";"2009";0.9;179
" ";"2010";4.3;166
" ";"2011";4.3;177
" ";"2012";3.3;229
" ";"2013";2.9;126
" ";"2014";2.9;160
" ";"2015";4.8;155
" ";"2016";2.4;199
" ";"2017";2.4;259
"Sveti Andraž v Slov. goricah"
" ";"2002";4.7;80
" ";"2003";1.6;118
" ";"2004";0.8;100
" ";"2005";0.8;75
" ";"2006";4.0;131
" ";"2007";0.8;160
" ";"2008";0.8;60
" ";"2009";2.5;139
" ";"2010";0.0;0
" ";"2011";6.7;162
" ";"2012";0.0;0
" ";"2013";0.0;0
" ";"2014";0.9;120
" ";"2015";0.9;120
" ";"2016";5.2;111
" ";"2017";2.6;260
"Sveti Jurij ob Šèavnici"
" ";"2002";5.2;157
" ";"2003";5.2;193
" ";"2004";5.8;154
" ";"2005";6.2;146
" ";"2006";3.1;135
" ";"2007";3.7;139
" ";"2008";2.1;161
" ";"2009";4.5;208
" ";"2010";4.1;196
" ";"2011";2.8;214
" ";"2012";2.4;241
" ";"2013";2.8;144
" ";"2014";4.5;173
" ";"2015";2.8;110
" ";"2016";3.2;128
" ";"2017";3.2;164
"Sveti Jurij v Slov. goricah"
" ";"2002";-;-
" ";"2003";-;-
" ";"2004";-;-
" ";"2005";-;-
" ";"2006";-;-
" ";"2007";0.9;142
" ";"2008";0.9;95
" ";"2009";8.0;128
" ";"2010";2.4;175
" ";"2011";3.3;186
" ";"2012";3.3;127
" ";"2013";5.7;132
" ";"2014";3.9;189
" ";"2015";2.4;262
" ";"2016";1.9;179
" ";"2017";1.9;155
"Sveti Tomaž"
" ";"2002";...;-
" ";"2003";-;-
" ";"2004";-;-
" ";"2005";-;-
" ";"2006";-;-
" ";"2007";0.0;0
" ";"2008";0.5;52
" ";"2009";0.0;0
" ";"2010";2.4;112
" ";"2011";2.8;94
" ";"2012";3.8;110
" ";"2013";1.4;126
" ";"2014";1.9;109
" ";"2015";3.4;101
" ";"2016";3.0;76
" ";"2017";2.5;139
"Šalovci"
" ";"2002";3.9;115
" ";"2003";3.4;88
" ";"2004";4.0;115
" ";"2005";2.9;125
" ";"2006";13.5;75
" ";"2007";1.8;181
" ";"2008";2.5;95
" ";"2009";3.1;109
" ";"2010";1.9;131
" ";"2011";3.2;182
" ";"2012";0.7;135
" ";"2013";0.0;0
" ";"2014";2.0;131
" ";"2015";2.1;127
" ";"2016";1.4;147
" ";"2017";2.8;143
"Šempeter - Vrtojba"
" ";"2002";3.3;119
" ";"2003";4.4;91
" ";"2004";4.2;113
" ";"2005";3.1;96
" ";"2006";3.9;102
" ";"2007";2.5;129
" ";"2008";5.9;83
" ";"2009";2.4;101
" ";"2010";9.9;45
" ";"2011";1.1;165
" ";"2012";0.8;153
" ";"2013";0.3;270
" ";"2014";1.1;156
" ";"2015";1.0;174
" ";"2016";1.6;134
" ";"2017";1.3;121
"Šenèur"
" ";"2002";4.3;104
" ";"2003";4.8;116
" ";"2004";2.5;128
" ";"2005";2.9;200
" ";"2006";4.0;170
" ";"2007";8.4;124
" ";"2008";3.2;221
" ";"2009";3.8;147
" ";"2010";2.6;232
" ";"2011";2.8;150
" ";"2012";2.1;203
" ";"2013";1.8;211
" ";"2014";1.3;160
" ";"2015";1.6;158
" ";"2016";1.3;213
" ";"2017";1.0;101
"Šentilj"
" ";"2002";2.9;115
" ";"2003";2.1;113
" ";"2004";4.0;150
" ";"2005";2.4;112
" ";"2006";3.4;116
" ";"2007";3.7;124
" ";"2008";7.0;162
" ";"2009";3.6;160
" ";"2010";13.1;116
" ";"2011";4.1;164
" ";"2012";3.3;122
" ";"2013";3.3;142
" ";"2014";1.7;164
" ";"2015";1.8;153
" ";"2016";1.8;175
" ";"2017";1.2;141
"Šentjernej"
" ";"2002";2.7;159
" ";"2003";1.7;111
" ";"2004";1.5;106
" ";"2005";2.7;138
" ";"2006";2.7;127
" ";"2007";2.7;143
" ";"2008";1.2;128
" ";"2009";1.0;186
" ";"2010";1.3;180
" ";"2011";1.6;146
" ";"2012";1.6;131
" ";"2013";2.4;155
" ";"2014";2.7;167
" ";"2015";4.0;136
" ";"2016";3.6;161
" ";"2017";3.7;158
"Šentjur"
" ";"2002";3.7;157
" ";"2003";2.9;101
" ";"2004";3.1;81
" ";"2005";3.3;89
" ";"2006";5.0;124
" ";"2007";4.5;175
" ";"2008";3.2;175
" ";"2009";3.5;148
" ";"2010";3.6;184
" ";"2011";3.2;201
" ";"2012";2.5;181
" ";"2013";1.9;165
" ";"2014";2.4;145
" ";"2015";1.7;142
" ";"2016";1.7;142
" ";"2017";1.9;169
"Šentrupert"
" ";"2002";-;-
" ";"2003";-;-
" ";"2004";-;-
" ";"2005";-;-
" ";"2006";-;-
" ";"2007";0.0;0
" ";"2008";0.0;0
" ";"2009";0.7;123
" ";"2010";1.1;210
" ";"2011";1.8;245
" ";"2012";2.1;242
" ";"2013";3.1;160
" ";"2014";2.1;189
" ";"2015";5.8;176
" ";"2016";2.7;181
" ";"2017";5.9;149
"Škocjan"
" ";"2002";4.3;134
" ";"2003";2.9;103
" ";"2004";2.6;147
" ";"2005";2.5;141
" ";"2006";2.8;149
" ";"2007";1.6;151
" ";"2008";2.2;181
" ";"2009";1.9;200
" ";"2010";2.8;155
" ";"2011";0.9;101
" ";"2012";1.3;144
" ";"2013";2.5;158
" ";"2014";0.9;165
" ";"2015";3.7;146
" ";"2016";1.5;128
" ";"2017";2.5;141
"Škofja Loka"
" ";"2002";1.8;155
" ";"2003";2.4;132
" ";"2004";3.1;142
" ";"2005";2.7;138
" ";"2006";2.2;172
" ";"2007";5.1;107
" ";"2008";7.6;123
" ";"2009";3.8;176
" ";"2010";4.4;177
" ";"2011";2.1;215
" ";"2012";2.0;229
" ";"2013";3.8;128
" ";"2014";1.9;208
" ";"2015";2.2;208
" ";"2016";1.4;191
" ";"2017";1.2;214
"Škofljica"
" ";"2002";7.6;139
" ";"2003";3.5;180
" ";"2004";3.2;120
" ";"2005";3.6;140
" ";"2006";5.0;161
" ";"2007";4.9;175
" ";"2008";39.6;93
" ";"2009";5.9;135
" ";"2010";3.3;126
" ";"2011";1.0;170
" ";"2012";5.5;97
" ";"2013";1.6;144
" ";"2014";5.9;64
" ";"2015";0.9;209
" ";"2016";0.8;210
" ";"2017";1.7;173
"Šmarje pri Jelšah"
" ";"2002";3.6;91
" ";"2003";5.2;99
" ";"2004";4.2;112
" ";"2005";3.8;91
" ";"2006";3.4;104
" ";"2007";8.2;87
" ";"2008";2.7;116
" ";"2009";7.5;71
" ";"2010";3.4;114
" ";"2011";3.3;135
" ";"2012";3.8;109
" ";"2013";2.9;150
" ";"2014";2.4;134
" ";"2015";2.6;144
" ";"2016";2.0;125
" ";"2017";1.1;143
"Šmarješke Toplice"
" ";"2002";-;-
" ";"2003";-;-
" ";"2004";-;-
" ";"2005";-;-
" ";"2006";-;-
" ";"2007";1.3;169
" ";"2008";1.3;166
" ";"2009";0.3;110
" ";"2010";2.5;145
" ";"2011";2.8;158
" ";"2012";0.6;163
" ";"2013";1.5;137
" ";"2014";1.2;245
" ";"2015";3.4;134
" ";"2016";2.7;145
" ";"2017";4.3;179
"Šmartno ob Paki"
" ";"2002";5.8;148
" ";"2003";3.4;164
" ";"2004";3.4;130
" ";"2005";2.3;119
" ";"2006";1.3;135
" ";"2007";14.5;87
" ";"2008";3.2;165
" ";"2009";8.7;101
" ";"2010";3.5;172
" ";"2011";4.7;144
" ";"2012";4.3;168
" ";"2013";3.7;172
" ";"2014";1.5;184
" ";"2015";4.0;111
" ";"2016";3.4;124
" ";"2017";2.5;152
"Šmartno pri Litiji"
" ";"2002";-;-
" ";"2003";4.6;141
" ";"2004";0.4;80
" ";"2005";1.0;142
" ";"2006";1.3;148
" ";"2007";1.5;129
" ";"2008";3.1;177
" ";"2009";7.4;109
" ";"2010";5.2;112
" ";"2011";5.7;124
" ";"2012";3.3;140
" ";"2013";1.3;184
" ";"2014";2.9;176
" ";"2015";2.2;106
" ";"2016";1.3;180
" ";"2017";2.3;182
"Šoštanj"
" ";"2002";7.6;75
" ";"2003";3.9;138
" ";"2004";3.5;152
" ";"2005";2.0;149
" ";"2006";2.1;153
" ";"2007";1.4;100
" ";"2008";5.7;78
" ";"2009";2.6;157
" ";"2010";1.8;184
" ";"2011";2.6;158
" ";"2012";2.4;180
" ";"2013";1.1;162
" ";"2014";2.9;175
" ";"2015";2.6;141
" ";"2016";1.3;168
" ";"2017";2.6;103
"Štore"
" ";"2002";0.7;81
" ";"2003";0.5;134
" ";"2004";1.9;167
" ";"2005";4.6;99
" ";"2006";1.4;124
" ";"2007";6.3;92
" ";"2008";1.0;216
" ";"2009";1.6;190
" ";"2010";1.2;213
" ";"2011";1.2;157
" ";"2012";1.4;188
" ";"2013";1.2;174
" ";"2014";0.9;228
" ";"2015";0.2;82
" ";"2016";1.7;199
" ";"2017";0.5;192
"Tabor"
" ";"2002";2.6;107
" ";"2003";2.0;157
" ";"2004";0.0;0
" ";"2005";1.3;124
" ";"2006";1.3;178
" ";"2007";4.0;103
" ";"2008";9.2;113
" ";"2009";17.3;113
" ";"2010";6.5;171
" ";"2011";3.1;183
" ";"2012";3.1;198
" ";"2013";1.2;116
" ";"2014";3.7;171
" ";"2015";1.2;204
" ";"2016";1.2;165
" ";"2017";1.2;220
"Tišina"
" ";"2002";2.3;98
" ";"2003";1.2;173
" ";"2004";1.2;106
" ";"2005";1.9;148
" ";"2006";2.6;95
" ";"2007";3.0;144
" ";"2008";1.9;124
" ";"2009";2.4;169
" ";"2010";4.3;147
" ";"2011";1.4;131
" ";"2012";1.5;142
" ";"2013";1.2;179
" ";"2014";2.4;121
" ";"2015";1.0;156
" ";"2016";4.5;106
" ";"2017";2.8;160
"Tolmin"
" ";"2002";3.3;162
" ";"2003";2.6;155
" ";"2004";2.1;185
" ";"2005";1.5;152
" ";"2006";1.6;159
" ";"2007";1.6;165
" ";"2008";1.8;127
" ";"2009";3.2;119
" ";"2010";1.4;133
" ";"2011";1.7;123
" ";"2012";4.6;80
" ";"2013";1.0;141
" ";"2014";1.7;212
" ";"2015";0.8;144
" ";"2016";2.0;198
" ";"2017";1.8;164
"Trbovlje"
" ";"2002";0.8;154
" ";"2003";0.7;137
" ";"2004";0.7;188
" ";"2005";2.0;82
" ";"2006";1.3;119
" ";"2007";0.5;170
" ";"2008";0.6;239
" ";"2009";0.6;240
" ";"2010";0.3;217
" ";"2011";2.2;87
" ";"2012";0.4;206
" ";"2013";0.4;135
" ";"2014";0.4;139
" ";"2015";0.3;144
" ";"2016";1.5;96
" ";"2017";0.4;153
"Trebnje"
" ";"2002";6.1;106
" ";"2003";4.7;106
" ";"2004";5.9;105
" ";"2005";6.9;108
" ";"2006";3.8;115
" ";"2007";11.6;87
" ";"2008";6.8;184
" ";"2009";4.9;149
" ";"2010";3.2;168
" ";"2011";4.0;195
" ";"2012";2.6;210
" ";"2013";2.9;188
" ";"2014";1.5;194
" ";"2015";1.8;160
" ";"2016";2.7;201
" ";"2017";3.1;184
"Trnovska vas"
" ";"2002";0.8;117
" ";"2003";9.5;98
" ";"2004";3.2;93
" ";"2005";3.9;131
" ";"2006";3.1;141
" ";"2007";0.8;239
" ";"2008";3.0;148
" ";"2009";2.3;190
" ";"2010";0.7;26
" ";"2011";4.5;172
" ";"2012";2.9;191
" ";"2013";0.7;117
" ";"2014";0.8;191
" ";"2015";0.8;141
" ";"2016";2.2;135
" ";"2017";1.5;148
"Trzin"
" ";"2002";35.3;66
" ";"2003";0.3;175
" ";"2004";0.3;67
" ";"2005";0.3;159
" ";"2006";0.8;98
" ";"2007";0.3;167
" ";"2008";0.5;234
" ";"2009";10.7;56
" ";"2010";0.3;161
" ";"2011";1.3;74
" ";"2012";2.1;71
" ";"2013";1.3;125
" ";"2014";0.8;350
" ";"2015";1.0;177
" ";"2016";1.0;149
" ";"2017";0.8;134
"Tržiè"
" ";"2002";2.6;93
" ";"2003";2.3;77
" ";"2004";5.0;87
" ";"2005";3.6;85
" ";"2006";1.4;125
" ";"2007";4.0;106
" ";"2008";1.2;138
" ";"2009";1.8;98
" ";"2010";1.2;151
" ";"2011";0.8;180
" ";"2012";1.4;163
" ";"2013";1.2;137
" ";"2014";0.7;154
" ";"2015";1.2;150
" ";"2016";0.9;141
" ";"2017";0.5;124
"Turnišèe"
" ";"2002";3.7;147
" ";"2003";3.7;159
" ";"2004";2.0;187
" ";"2005";1.4;152
" ";"2006";1.7;175
" ";"2007";1.1;200
" ";"2008";1.2;159
" ";"2009";4.1;181
" ";"2010";2.1;108
" ";"2011";1.5;167
" ";"2012";3.3;224
" ";"2013";2.7;135
" ";"2014";1.8;117
" ";"2015";2.4;141
" ";"2016";0.9;128
" ";"2017";2.5;89
"Velenje"
" ";"2002";2.9;84
" ";"2003";1.2;121
" ";"2004";3.4;77
" ";"2005";1.2;148
" ";"2006";0.8;145
" ";"2007";2.1;78
" ";"2008";1.7;153
" ";"2009";1.0;182
" ";"2010";10.1;70
" ";"2011";5.1;74
" ";"2012";1.0;187
" ";"2013";2.2;137
" ";"2014";0.7;189
" ";"2015";0.5;142
" ";"2016";0.6;138
" ";"2017";0.5;138
"Velika Polana"
" ";"2002";2.6;153
" ";"2003";2.6;187
" ";"2004";1.9;216
" ";"2005";2.6;204
" ";"2006";1.3;123
" ";"2007";2.0;122
" ";"2008";2.0;223
" ";"2009";0.7;194
" ";"2010";3.4;103
" ";"2011";3.4;195
" ";"2012";1.4;223
" ";"2013";0.7;125
" ";"2014";2.1;88
" ";"2015";4.1;83
" ";"2016";1.4;130
" ";"2017";2.8;133
"Velike Lašèe"
" ";"2002";7.4;87
" ";"2003";1.3;102
" ";"2004";3.3;127
" ";"2005";2.3;129
" ";"2006";2.7;146
" ";"2007";2.2;81
" ";"2008";2.7;164
" ";"2009";2.2;218
" ";"2010";1.9;177
" ";"2011";1.0;192
" ";"2012";1.2;232
" ";"2013";0.7;212
" ";"2014";1.7;229
" ";"2015";1.9;165
" ";"2016";2.6;189
" ";"2017";1.9;142
"Veržej"
" ";"2002";2.9;117
" ";"2003";2.9;130
" ";"2004";2.2;127
" ";"2005";0.7;80
" ";"2006";8.9;75
" ";"2007";1.5;86
" ";"2008";1.5;141
" ";"2009";2.3;122
" ";"2010";3.1;82
" ";"2011";3.1;128
" ";"2012";1.6;110
" ";"2013";4.6;104
" ";"2014";1.6;144
" ";"2015";0.8;88
" ";"2016";4.6;87
" ";"2017";10.0;60
"Videm"
" ";"2002";3.2;95
" ";"2003";3.9;125
" ";"2004";2.8;136
" ";"2005";1.8;97
" ";"2006";4.5;129
" ";"2007";2.5;148
" ";"2008";3.3;130
" ";"2009";1.6;121
" ";"2010";1.6;127
" ";"2011";4.3;142
" ";"2012";1.6;169
" ";"2013";0.5;100
" ";"2014";4.0;79
" ";"2015";1.1;96
" ";"2016";1.1;124
" ";"2017";2.0;166
"Vipava"
" ";"2002";4.0;162
" ";"2003";4.2;160
" ";"2004";11.6;100
" ";"2005";3.4;167
" ";"2006";2.4;153
" ";"2007";6.1;109
" ";"2008";12.3;83
" ";"2009";8.6;86
" ";"2010";3.6;182
" ";"2011";7.4;126
" ";"2012";2.5;204
" ";"2013";2.5;191
" ";"2014";1.8;179
" ";"2015";2.3;152
" ";"2016";3.4;168
" ";"2017";1.6;238
"Vitanje"
" ";"2002";6.0;96
" ";"2003";3.4;151
" ";"2004";1.3;178
" ";"2005";3.0;235
" ";"2006";1.7;185
" ";"2007";1.3;246
" ";"2008";3.5;215
" ";"2009";1.7;213
" ";"2010";4.4;143
" ";"2011";2.6;157
" ";"2012";3.1;203
" ";"2013";0.4;188
" ";"2014";0.4;64
" ";"2015";1.8;146
" ";"2016";0.4;175
" ";"2017";0.9;122
"Vodice"
" ";"2002";1.8;121
" ";"2003";4.3;176
" ";"2004";6.0;169
" ";"2005";6.4;162
" ";"2006";7.4;166
" ";"2007";8.7;194
" ";"2008";7.3;196
" ";"2009";10.9;184
" ";"2010";6.3;186
" ";"2011";4.3;187
" ";"2012";6.3;113
" ";"2013";1.7;207
" ";"2014";2.7;187
" ";"2015";2.9;186
" ";"2016";2.1;187
" ";"2017";2.7;200
"Vojnik"
" ";"2002";2.1;150
" ";"2003";3.2;161
" ";"2004";2.0;131
" ";"2005";2.0;123
" ";"2006";3.8;113
" ";"2007";3.4;148
" ";"2008";3.8;172
" ";"2009";5.8;153
" ";"2010";4.6;165
" ";"2011";5.1;152
" ";"2012";3.0;132
" ";"2013";2.0;193
" ";"2014";0.9;160
" ";"2015";1.0;158
" ";"2016";2.3;94
" ";"2017";2.9;126
"Vransko"
" ";"2002";1.9;111
" ";"2003";1.9;106
" ";"2004";3.5;169
" ";"2005";1.2;111
" ";"2006";3.2;145
" ";"2007";5.1;209
" ";"2008";63.2;86
" ";"2009";1.5;205
" ";"2010";3.5;144
" ";"2011";0.8;234
" ";"2012";1.9;145
" ";"2013";19.1;123
" ";"2014";1.5;202
" ";"2015";0.8;188
" ";"2016";1.5;137
" ";"2017";1.9;163
"Vrhnika"
" ";"2002";3.0;152
" ";"2003";3.5;104
" ";"2004";5.9;88
" ";"2005";4.7;97
" ";"2006";8.2;90
" ";"2007";17.3;115
" ";"2008";10.4;160
" ";"2009";3.9;153
" ";"2010";4.1;154
" ";"2011";2.6;196
" ";"2012";2.9;186
" ";"2013";3.8;158
" ";"2014";2.3;175
" ";"2015";2.2;179
" ";"2016";1.9;210
" ";"2017";6.7;155
"Vuzenica"
" ";"2002";1.4;103
" ";"2003";4.9;90
" ";"2004";2.8;95
" ";"2005";3.5;80
" ";"2006";1.4;128
" ";"2007";1.8;125
" ";"2008";0.4;164
" ";"2009";2.2;106
" ";"2010";1.5;147
" ";"2011";1.1;173
" ";"2012";0.7;216
" ";"2013";1.5;163
" ";"2014";1.8;149
" ";"2015";1.1;114
" ";"2016";3.4;217
" ";"2017";0.4;170
"Zagorje ob Savi"
" ";"2002";2.5;154
" ";"2003";1.5;183
" ";"2004";1.4;143
" ";"2005";6.2;71
" ";"2006";1.5;159
" ";"2007";1.2;139
" ";"2008";0.7;181
" ";"2009";1.3;148
" ";"2010";1.2;158
" ";"2011";1.5;157
" ";"2012";0.6;158
" ";"2013";0.7;122
" ";"2014";1.0;133
" ";"2015";1.2;157
" ";"2016";1.0;175
" ";"2017";0.7;127
"Zavrè"
" ";"2002";0.0;0
" ";"2003";2.7;46
" ";"2004";2.0;111
" ";"2005";2.7;112
" ";"2006";0.7;96
" ";"2007";2.6;125
" ";"2008";3.3;154
" ";"2009";2.6;124
" ";"2010";0.0;0
" ";"2011";0.6;150
" ";"2012";1.2;160
" ";"2013";1.1;113
" ";"2014";0.6;443
" ";"2015";0.6;60
" ";"2016";1.7;208
" ";"2017";2.2;89
"Zreèe"
" ";"2002";3.3;168
" ";"2003";8.5;148
" ";"2004";1.9;141
" ";"2005";7.4;80
" ";"2006";4.4;127
" ";"2007";3.1;194
" ";"2008";2.6;213
" ";"2009";4.5;148
" ";"2010";2.3;168
" ";"2011";2.0;188
" ";"2012";2.8;130
" ";"2013";1.4;163
" ";"2014";3.1;214
" ";"2015";1.4;140
" ";"2016";2.0;178
" ";"2017";0.6;153
"Žalec"
" ";"2002";3.3;127
" ";"2003";2.3;139
" ";"2004";1.4;199
" ";"2005";1.6;151
" ";"2006";1.3;142
" ";"2007";1.7;130
" ";"2008";1.6;133
" ";"2009";1.9;179
" ";"2010";1.1;152
" ";"2011";2.2;105
" ";"2012";3.2;121
" ";"2013";1.4;135
" ";"2014";0.5;169
" ";"2015";0.9;121
" ";"2016";0.7;153
" ";"2017";1.2;173
"Železniki"
" ";"2002";4.8;132
" ";"2003";1.0;165
" ";"2004";2.2;139
" ";"2005";2.9;132
" ";"2006";1.2;128
" ";"2007";1.2;135
" ";"2008";1.0;228
" ";"2009";1.6;172
" ";"2010";3.1;217
" ";"2011";1.9;203
" ";"2012";1.6;221
" ";"2013";0.9;276
" ";"2014";1.0;95
" ";"2015";1.5;211
" ";"2016";0.9;196
" ";"2017";1.3;237
"Žetale"
" ";"2002";0.0;0
" ";"2003";2.1;117
" ";"2004";2.1;93
" ";"2005";2.1;112
" ";"2006";0.7;140
" ";"2007";2.2;79
" ";"2008";1.5;182
" ";"2009";2.2;128
" ";"2010";0.0;0
" ";"2011";0.7;218
" ";"2012";0.7;162
" ";"2013";0.0;0
" ";"2014";0.0;0
" ";"2015";1.5;127
" ";"2016";5.4;132
" ";"2017";3.1;125
"Žiri"
" ";"2002";1.8;121
" ";"2003";2.7;159
" ";"2004";5.3;150
" ";"2005";1.6;162
" ";"2006";5.3;139
" ";"2007";1.0;276
" ";"2008";1.4;144
" ";"2009";5.3;144
" ";"2010";3.3;233
" ";"2011";4.3;185
" ";"2012";3.2;214
" ";"2013";3.3;192
" ";"2014";3.7;205
" ";"2015";2.9;163
" ";"2016";2.7;185
" ";"2017";2.3;202
"Žirovnica"
" ";"2002";6.6;132
" ";"2003";11.7;125
" ";"2004";2.9;188
" ";"2005";3.1;94
" ";"2006";4.5;164
" ";"2007";4.7;87
" ";"2008";5.6;122
" ";"2009";2.3;149
" ";"2010";3.9;137
" ";"2011";8.7;90
" ";"2012";3.4;166
" ";"2013";0.7;134
" ";"2014";1.8;130
" ";"2015";1.8;160
" ";"2016";2.3;157
" ";"2017";1.1;196
"Žužemberk"
" ";"2002";1.9;172
" ";"2003";2.4;129
" ";"2004";2.6;115
" ";"2005";2.0;132
" ";"2006";2.4;112
" ";"2007";2.0;219
" ";"2008";2.0;111
" ";"2009";0.9;214
" ";"2010";1.8;179
" ";"2011";1.5;186
" ";"2012";0.7;166
" ";"2013";1.1;178
" ";"2014";2.4;206
" ";"2015";3.3;169
" ";"2016";1.5;156
" ";"2017";3.0;147

"Podatki do vkljuèno leta 2007 so objavljeni po Enotni klasifikaciji "
"vrst  "
"objektov [Ur.l.RS, št.33/2003], od leta 2008 naprej pa po "
"Klasifikaciji  "
"vrst objektov [Ur.l.RS, št.109/2011]. "
" "
"Vir: Statistièni urad Republike Slovenije."

"Povezane vsebine: "
"- (seznam "
"HREF=http://www.stat.si/StatWeb/Common/PrikaziDokument.ashx?IdDatotek-"
"e=10040 target=_blank) Metodološka pojasnila "

"Podatki so teritorialno razvršèeni po uredbi o Standardni "
"klasifikaciji teritorialnih enot [(seznam "
"HREF=http://www.stat.si/StatWeb/glavnanavigacija/metode-in-klasifikac-"
"ije/klasifikacije TARGET=_blank) opis in pojasnila], raven SKTE 5. "
"Podatki o spremembah posameznih obèin so dostopni na (seznam "
"HREF=http://www.stat.si/StatWeb/glavnanavigacija/metode-in-klasifikac-"
"ije/klasifikacije/spremembe-obmocij-obcin TARGET=_blank) povezavi. V "
"Seznamu obèin s spremembami obmoèij obèin od leta 1995 dalje je "
"opisana vrsta spremembe, naveden je datum, s katerim je opisana "
"teritorialna sprememba upoštevana pri teritorialnem razvršèanju enot "
"za statistiène namene ter naveden Uradni list, v katerem so bile "
"objavljene omenjene teritorialne opombe. V seznamu obèin je navedeno "
"zadnje veljavno stanje imen obèin. "

